"codigo_orgao";"nome_orgao";"codigo_comarca";"nome_comarca";"ano";"denuncias";"com_informacao";"sem_informacao";"com_sentenca";"aguardando_sentenca";"sentenca_julgada_procedente";"sentenca_julgada_improcedente";"processo_extinto";"processo_suspenso";"taxa_com_informacao";"taxa_sem_informacao";"taxa_com_sentenca";"taxa_aguardando_sentenca";"taxa_sentenca_julgada_procedente";"taxa_sentenca_julgada_improcedente";"taxa_processo_extinto";"taxa_processo_suspenso"
400565;"PJ junto a 5ª Vara Criminal da Capital";15;"Rio de Janeiro";"2020";168;141;27;45;96;34;3;8;0;83,9;16,1;31,9;68,1;75,6;6,7;17,8;0
400573;"PJ junto a 11ª Vara Criminal da Capital";15;"Rio de Janeiro";"2020";160;147;13;38;109;15;0;22;1;91,9;8,1;25,9;74,1;39,5;0;57,9;2,6
400588;"PJ junto a 14ª Vara Criminal da Capital";15;"Rio de Janeiro";"2020";114;96;18;52;44;42;4;6;0;84,2;15,8;54,2;45,8;80,8;7,7;11,5;0
400592;"PJ junto a 16ª Vara Criminal da Capital";15;"Rio de Janeiro";"2020";191;177;14;18;159;9;0;9;0;92,7;7,3;10,2;89,8;50;0;50;0
400591;"PJ junto a 17ª Vara Criminal da Capital";15;"Rio de Janeiro";"2020";181;169;12;66;103;44;3;15;4;93,4;6,6;39,1;60,9;66,7;4,5;22,7;6,1
400594;"PJ junto a 19ª Vara Criminal da Capital";15;"Rio de Janeiro";"2020";164;149;15;19;130;6;2;11;0;90,9;9,1;12,8;87,2;31,6;10,5;57,9;0
400580;"PJ junto a 20ª Vara Criminal da Capital";15;"Rio de Janeiro";"2020";170;152;18;58;94;30;1;27;0;89,4;10,6;38,2;61,8;51,7;1,7;46,6;0
400590;"PJ junto a 21ª Vara Criminal da Capital";15;"Rio de Janeiro";"2020";216;195;21;45;150;23;7;14;1;90,3;9,7;23,1;76,9;51,1;15,6;31,1;2,2
400582;"PJ junto a 23ª Vara Criminal da Capital";15;"Rio de Janeiro";"2020";198;180;18;19;161;13;2;4;0;90,9;9,1;10,6;89,4;68,4;10,5;21,1;0
400568;"PJ junto a 26ª Vara Criminal da Capital";15;"Rio de Janeiro";"2020";160;127;33;42;85;30;4;8;0;79,4;20,6;33,1;66,9;71,4;9,5;19;0
400586;"PJ junto a 27ª Vara Criminal da Capital";15;"Rio de Janeiro";"2020";193;168;25;68;100;49;0;19;0;87;13;40,5;59,5;72,1;0;27,9;0
400585;"PJ junto a 28ª Vara Criminal da Capital";15;"Rio de Janeiro";"2020";200;177;23;28;149;15;3;10;0;88,5;11,5;15,8;84,2;53,6;10,7;35,7;0
400569;"PJ junto a 29ª Vara Criminal da Capital";15;"Rio de Janeiro";"2020";191;174;17;85;89;67;5;13;0;91,1;8,9;48,9;51,1;78,8;5,9;15,3;0
400597;"PJ junto a 31ª Vara Criminal da Capital";15;"Rio de Janeiro";"2020";155;144;11;25;119;13;6;6;0;92,9;7,1;17,4;82,6;52;24;24;0
400581;"PJ junto a 32ª Vara Criminal da Capital";15;"Rio de Janeiro";"2020";169;150;19;9;141;6;0;3;0;88,8;11,2;6;94;66,7;0;33,3;0
400577;"PJ junto a 33ª Vara Criminal da Capital";15;"Rio de Janeiro";"2020";161;131;30;83;48;66;6;11;0;81,4;18,6;63,4;36,6;79,5;7,2;13,3;0
400583;"PJ junto a 34ª Vara Criminal da Capital";15;"Rio de Janeiro";"2020";159;140;19;35;105;27;4;4;0;88,1;11,9;25;75;77,1;11,4;11,4;0
400570;"PJ junto a 35ª Vara Criminal da Capital";15;"Rio de Janeiro";"2020";197;181;16;46;135;23;8;15;0;91,9;8,1;25,4;74,6;50;17,4;32,6;0
400571;"PJ junto a 36ª Vara Criminal da Capital";15;"Rio de Janeiro";"2020";175;156;19;31;125;20;0;9;2;89,1;10,9;19,9;80,1;64,5;0;29;6,5
400572;"PJ junto a 37ª Vara Criminal da Capital";15;"Rio de Janeiro";"2020";127;112;15;49;63;36;8;5;0;88,2;11,8;43,8;56,2;73,5;16,3;10,2;0
400595;"PJ junto a 38ª Vara Criminal da Capital";15;"Rio de Janeiro";"2020";88;81;7;25;56;9;7;9;0;92;8;30,9;69,1;36;28;36;0
400579;"PJ junto a 39ª Vara Criminal da Capital";15;"Rio de Janeiro";"2020";196;181;15;37;144;25;3;9;0;92,3;7,7;20,4;79,6;67,6;8,1;24,3;0
101062;"PJ junto a 40ª Vara Criminal da Capital";15;"Rio de Janeiro";"2020";196;189;7;123;66;65;28;23;7;96,4;3,6;65,1;34,9;52,8;22,8;18,7;5,7
101063;"PJ junto a 41ª Vara Criminal da Capital";15;"Rio de Janeiro";"2020";140;136;4;42;94;29;2;11;0;97,1;2,9;30,9;69,1;69;4,8;26,2;0
101053;"PJ junto a 42ª Vara Criminal da Capital";15;"Rio de Janeiro";"2020";192;180;12;128;52;72;18;33;5;93,8;6,2;71,1;28,9;56,2;14,1;25,8;3,9
101055;"PJ junto a 43ª Vara Criminal da Capital";15;"Rio de Janeiro";"2020";144;130;14;54;76;34;5;14;1;90,3;9,7;41,5;58,5;63;9,3;25,9;1,9
101043;"1ª PJ junto a 1ª e a 2ª Varas Criminais de Bangu";15;"Rio de Janeiro";"2020";275;263;12;107;156;44;1;59;3;95,6;4,4;40,7;59,3;41,1;0,9;55,1;2,8
101044;"2ª PJ junto a 1ª e a 2ª Varas Criminais de Bangu";15;"Rio de Janeiro";"2020";220;178;42;83;95;25;5;53;0;80,9;19,1;46,6;53,4;30,1;6;63,9;0
101082;"PJ junto a 1ª Vara Criminal de Jacarepagua";15;"Rio de Janeiro";"2020";257;189;68;46;143;13;1;31;1;73,5;26,5;24,3;75,7;28,3;2,2;67,4;2,2
101070;"PJ junto a 2ª Vara Criminal de Jacarepagua";15;"Rio de Janeiro";"2020";253;242;11;45;197;8;5;31;1;95,7;4,3;18,6;81,4;17,8;11,1;68,9;2,2
101088;"1ª PJ Criminal de Santa Cruz";15;"Rio de Janeiro";"2020";50;38;12;28;10;10;0;18;0;76;24;73,7;26,3;35,7;0;64,3;0
101089;"2ª PJ Criminal de Santa Cruz";15;"Rio de Janeiro";"2020";44;31;13;13;18;5;0;8;0;70,5;29,5;41,9;58,1;38,5;0;61,5;0
29623958;"1ª PJ junto a 1ª Vara Criminal Especializada da Capital";15;"Rio de Janeiro";"2020";19;18;1;15;3;3;0;12;0;94,7;5,3;83,3;16,7;20;0;80;0
29624141;"2ª PJ junto a 1ª Vara Criminal Especializada da Capital";15;"Rio de Janeiro";"2020";6;6;0;5;1;2;0;3;0;100;0;83,3;16,7;40;0;60;0
907757;"PJ junto a 1ª Vara Criminal de Madureira";15;"Rio de Janeiro";"2020";173;167;6;94;73;35;14;45;0;96,5;3,5;56,3;43,7;37,2;14,9;47,9;0
101080;"PJ junto a 2ª Vara Criminal de Madureira";15;"Rio de Janeiro";"2020";174;148;26;70;78;13;4;53;0;85,1;14,9;47,3;52,7;18,6;5,7;75,7;0
101290;"PJ junto a 1ª Vara Criminal de Niterói";44;"Niteroi";"2020";206;160;46;27;133;6;1;12;8;77,7;22,3;16,9;83,1;22,2;3,7;44,4;29,6
101291;"PJ junto a 2ª Vara Criminal de Niterói";44;"Niteroi";"2020";215;164;51;22;142;14;0;8;0;76,3;23,7;13,4;86,6;63,6;0;36,4;0
101292;"PJ junto a 3ª Vara Criminal de Niterói";44;"Niteroi";"2020";5;5;0;3;2;1;0;2;0;100;0;60;40;33,3;0;66,7;0
101294;"PJ junto a 4ª Vara Criminal de Niterói";44;"Niteroi";"2020";207;163;44;31;132;23;1;7;0;78,7;21,3;19;81;74,2;3,2;22,6;0
101403;"PJ junto a 1ª Vara Criminal de São Gonçalo";66;"Sao Goncalo";"2020";159;124;35;70;54;44;1;25;0;78;22;56,5;43,5;62,9;1,4;35,7;0
101408;"PJ junto a 2ª Vara Criminal de São Gonçalo";66;"Sao Goncalo";"2020";167;141;26;38;103;10;3;13;12;84,4;15,6;27;73;26,3;7,9;34,2;31,6
101405;"PJ junto a 3ª Vara Criminal de São Gonçalo";66;"Sao Goncalo";"2020";154;146;8;43;103;22;3;13;5;94,8;5,2;29,5;70,5;51,2;7;30,2;11,6
101406;"1ª PJ junto a 4ª Vara Criminal de São Gonçalo";66;"Sao Goncalo";"2020";8;8;0;7;1;3;1;3;0;100;0;87,5;12,5;42,9;14,3;42,9;0
101407;"2ª PJ junto a 4ª Vara Criminal de São Gonçalo";66;"Sao Goncalo";"2020";6;5;1;4;1;1;1;2;0;83,3;16,7;80;20;25;25;50;0
101404;"PJ junto a 5ª Vara Criminal de São Gonçalo";66;"Sao Goncalo";"2020";141;111;30;41;70;16;1;22;2;78,7;21,3;36,9;63,1;39;2,4;53,7;4,9
101189;"PJ junto a 1ª Vara Criminal de Duque de Caxias";22;"Duque de Caxias";"2020";201;164;37;40;124;30;1;9;0;81,6;18,4;24,4;75,6;75;2,5;22,5;0
101190;"PJ junto a 2ª Vara Criminal de Duque de Caxias";22;"Duque de Caxias";"2020";210;164;46;48;116;30;1;17;0;78,1;21,9;29,3;70,7;62,5;2,1;35,4;0
101191;"PJ junto a 3ª Vara Criminal de Duque de Caxias";22;"Duque de Caxias";"2020";147;126;21;14;112;6;0;8;0;85,7;14,3;11,1;88,9;42,9;0;57,1;0
101192;"1ª PJ junto a 4ª Vara Criminal de Duque de Caxias";22;"Duque de Caxias";"2020";3;2;1;2;0;0;0;2;0;66,7;33,3;100;0;0;0;100;0
101193;"2ª PJ junto a 4ª Vara Criminal de Duque de Caxias";22;"Duque de Caxias";"2020";11;11;0;11;0;0;0;11;0;100;0;100;0;0;0;100;0
200201;"PJ junto a 1ª Vara Criminal de Nova Iguaçu";46;"Nova Iguacu";"2020";172;159;13;23;136;4;0;18;1;92,4;7,6;14,5;85,5;17,4;0;78,3;4,3
101315;"PJ junto a 2ª Vara Criminal de Nova Iguaçu";46;"Nova Iguacu";"2020";169;153;16;62;91;33;14;15;0;90,5;9,5;40,5;59,5;53,2;22,6;24,2;0
101317;"1ª PJ junto a 4ª Vara Criminal de Nova Iguaçu";46;"Nova Iguacu";"2020";7;7;0;5;2;0;0;5;0;100;0;71,4;28,6;0;0;100;0
101318;"2ª PJ junto a 4ª Vara Criminal de Nova Iguaçu";46;"Nova Iguacu";"2020";5;5;0;5;0;0;0;5;0;100;0;100;0;0;0;100;0
101322;"PJ junto a 7ª Vara Criminal de Nova Iguaçu";46;"Nova Iguacu";"2020";112;98;14;27;71;18;5;4;0;87,5;12,5;27,6;72,4;66,7;18,5;14,8;0
101419;"1ª PJ junto a 1ª Vara Criminal de São João de Meriti";68;"Sao Joao de Meriti";"2020";87;69;18;21;48;9;5;7;0;79,3;20,7;30,4;69,6;42,9;23,8;33,3;0
921029;"2ª PJ junto a 1ª Vara Criminal de São João de Meriti";68;"Sao Joao de Meriti";"2020";61;50;11;19;31;9;1;9;0;82;18;38;62;47,4;5,3;47,4;0
101421;"PJ junto a 2ª Vara Criminal de São João de Meriti";68;"Sao Joao de Meriti";"2020";91;82;9;16;66;5;0;11;0;90,1;9,9;19,5;80,5;31,2;0;68,8;0
200409;"1ª PJ junto as Varas Criminais de Belford Roxo";7;"Belford Roxo";"2020";85;80;5;20;60;4;1;15;0;94,1;5,9;25;75;20;5;75;0
200499;"2ª PJ junto as Varas Criminais de Belford Roxo";7;"Belford Roxo";"2020";105;85;20;19;66;10;1;8;0;81;19;22,4;77,6;52,6;5,3;42,1;0
101273;"PJ junto a 1ª Vara Criminal de Nilópolis";43;"Nilopolis";"2020";120;112;8;58;54;34;9;13;2;93,3;6,7;51,8;48,2;58,6;15,5;22,4;3,4
101345;"PJ junto a 1ª Vara Criminal de Petrópolis";51;"Petropolis";"2020";199;135;64;17;118;3;0;14;0;67,8;32,2;12,6;87,4;17,6;0;82,4;0
101346;"PJ junto a 2ª Vara Criminal de Petrópolis";51;"Petropolis";"2020";227;162;65;7;155;3;1;3;0;71,4;28,6;4,3;95,7;42,9;14,3;42,9;0
400759;"1ª PJ junto a 1ª Vara Criminal de Campos dos Goytacazes";13;"Campos dos Goytacazes";"2020";25;23;2;10;13;4;0;6;0;92;8;43,5;56,5;40;0;60;0
400732;"2ª PJ junto a 1ª Vara Criminal de Campos dos Goytacazes";13;"Campos dos Goytacazes";"2020";14;12;2;10;2;3;0;7;0;85,7;14,3;83,3;16,7;30;0;70;0
101145;"PJ junto a 2ª Vara Criminal de Campos dos Goytacazes";13;"Campos dos Goytacazes";"2020";301;180;121;19;161;8;1;10;0;59,8;40,2;10,6;89,4;42,1;5,3;52,6;0
14329590;"PJ junto a 3ª Vara Criminal de Campos dos Goytacazes";13;"Campos dos Goytacazes";"2020";281;208;73;44;164;32;3;9;0;74;26;21,2;78,8;72,7;6,8;20,5;0
400565;"PJ junto a 5ª Vara Criminal da Capital";15;"Rio de Janeiro";"2019";220;203;17;115;88;104;3;6;2;92,3;7,7;56,7;43,3;90,4;2,6;5,2;1,7
400573;"PJ junto a 11ª Vara Criminal da Capital";15;"Rio de Janeiro";"2019";214;203;11;144;59;85;12;38;9;94,9;5,1;70,9;29,1;59;8,3;26,4;6,2
400588;"PJ junto a 14ª Vara Criminal da Capital";15;"Rio de Janeiro";"2019";217;212;5;175;37;112;14;31;18;97,7;2,3;82,5;17,5;64;8;17,7;10,3
400592;"PJ junto a 16ª Vara Criminal da Capital";15;"Rio de Janeiro";"2019";213;207;6;110;97;72;8;14;16;97,2;2,8;53,1;46,9;65,5;7,3;12,7;14,5
400591;"PJ junto a 17ª Vara Criminal da Capital";15;"Rio de Janeiro";"2019";220;211;9;152;59;126;9;8;9;95,9;4,1;72;28;82,9;5,9;5,3;5,9
400594;"PJ junto a 19ª Vara Criminal da Capital";15;"Rio de Janeiro";"2019";220;211;9;113;98;97;4;11;1;95,9;4,1;53,6;46,4;85,8;3,5;9,7;0,9
400580;"PJ junto a 20ª Vara Criminal da Capital";15;"Rio de Janeiro";"2019";217;208;9;154;54;127;5;8;14;95,9;4,1;74;26;82,5;3,2;5,2;9,1
400590;"PJ junto a 21ª Vara Criminal da Capital";15;"Rio de Janeiro";"2019";226;223;3;126;97;80;21;23;2;98,7;1,3;56,5;43,5;63,5;16,7;18,3;1,6
400582;"PJ junto a 23ª Vara Criminal da Capital";15;"Rio de Janeiro";"2019";215;210;5;157;53;125;8;17;7;97,7;2,3;74,8;25,2;79,6;5,1;10,8;4,5
400568;"PJ junto a 26ª Vara Criminal da Capital";15;"Rio de Janeiro";"2019";221;210;11;105;105;74;8;21;2;95;5;50;50;70,5;7,6;20;1,9
400586;"PJ junto a 27ª Vara Criminal da Capital";15;"Rio de Janeiro";"2019";207;205;2;158;47;135;1;17;5;99;1;77,1;22,9;85,4;0,6;10,8;3,2
400585;"PJ junto a 28ª Vara Criminal da Capital";15;"Rio de Janeiro";"2019";201;197;4;94;103;79;6;9;0;98;2;47,7;52,3;84;6,4;9,6;0
400569;"PJ junto a 29ª Vara Criminal da Capital";15;"Rio de Janeiro";"2019";200;196;4;148;48;109;10;16;13;98;2;75,5;24,5;73,6;6,8;10,8;8,8
400597;"PJ junto a 31ª Vara Criminal da Capital";15;"Rio de Janeiro";"2019";201;196;5;127;69;74;23;28;2;97,5;2,5;64,8;35,2;58,3;18,1;22;1,6
400581;"PJ junto a 32ª Vara Criminal da Capital";15;"Rio de Janeiro";"2019";208;189;19;71;118;49;13;9;0;90,9;9,1;37,6;62,4;69;18,3;12,7;0
400577;"PJ junto a 33ª Vara Criminal da Capital";15;"Rio de Janeiro";"2019";202;192;10;140;52;106;18;12;4;95;5;72,9;27,1;75,7;12,9;8,6;2,9
400583;"PJ junto a 34ª Vara Criminal da Capital";15;"Rio de Janeiro";"2019";225;218;7;155;63;116;13;15;11;96,9;3,1;71,1;28,9;74,8;8,4;9,7;7,1
400570;"PJ junto a 35ª Vara Criminal da Capital";15;"Rio de Janeiro";"2019";211;206;5;120;86;69;14;31;6;97,6;2,4;58,3;41,7;57,5;11,7;25,8;5
400571;"PJ junto a 36ª Vara Criminal da Capital";15;"Rio de Janeiro";"2019";216;206;10;149;57;100;13;14;22;95,4;4,6;72,3;27,7;67,1;8,7;9,4;14,8
400572;"PJ junto a 37ª Vara Criminal da Capital";15;"Rio de Janeiro";"2019";217;212;5;102;110;54;32;14;2;97,7;2,3;48,1;51,9;52,9;31,4;13,7;2
400595;"PJ junto a 38ª Vara Criminal da Capital";15;"Rio de Janeiro";"2019";197;196;1;119;77;86;21;8;4;99,5;0,5;60,7;39,3;72,3;17,6;6,7;3,4
400579;"PJ junto a 39ª Vara Criminal da Capital";15;"Rio de Janeiro";"2019";222;220;2;127;93;105;4;12;6;99,1;0,9;57,7;42,3;82,7;3,1;9,4;4,7
101062;"PJ junto a 40ª Vara Criminal da Capital";15;"Rio de Janeiro";"2019";220;215;5;192;23;123;40;18;11;97,7;2,3;89,3;10,7;64,1;20,8;9,4;5,7
101063;"PJ junto a 41ª Vara Criminal da Capital";15;"Rio de Janeiro";"2019";229;221;8;125;96;103;12;9;1;96,5;3,5;56,6;43,4;82,4;9,6;7,2;0,8
101053;"PJ junto a 42ª Vara Criminal da Capital";15;"Rio de Janeiro";"2019";219;216;3;194;22;140;24;15;15;98,6;1,4;89,8;10,2;72,2;12,4;7,7;7,7
101055;"PJ junto a 43ª Vara Criminal da Capital";15;"Rio de Janeiro";"2019";212;206;6;138;68;98;15;19;6;97,2;2,8;67;33;71;10,9;13,8;4,3
101043;"1ª PJ junto a 1ª e a 2ª Varas Criminais de Bangu";15;"Rio de Janeiro";"2019";340;321;19;230;91;162;10;57;1;94,4;5,6;71,7;28,3;70,4;4,3;24,8;0,4
101044;"2ª PJ junto a 1ª e a 2ª Varas Criminais de Bangu";15;"Rio de Janeiro";"2019";316;296;20;219;77;139;39;41;0;93,7;6,3;74;26;63,5;17,8;18,7;0
101082;"PJ junto a 1ª Vara Criminal de Jacarepagua";15;"Rio de Janeiro";"2019";246;233;13;155;78;82;12;61;0;94,7;5,3;66,5;33,5;52,9;7,7;39,4;0
101070;"PJ junto a 2ª Vara Criminal de Jacarepagua";15;"Rio de Janeiro";"2019";219;204;15;134;70;90;13;31;0;93,2;6,8;65,7;34,3;67,2;9,7;23,1;0
101088;"1ª PJ Criminal de Santa Cruz";15;"Rio de Janeiro";"2019";87;67;20;63;4;21;5;36;1;77;23;94;6;33,3;7,9;57,1;1,6
101089;"2ª PJ Criminal de Santa Cruz";15;"Rio de Janeiro";"2019";132;87;45;68;19;17;5;44;2;65,9;34,1;78,2;21,8;25;7,4;64,7;2,9
907757;"PJ junto a 1ª Vara Criminal de Madureira";15;"Rio de Janeiro";"2019";235;230;5;167;63;89;35;43;0;97,9;2,1;72,6;27,4;53,3;21;25,7;0
101080;"PJ junto a 2ª Vara Criminal de Madureira";15;"Rio de Janeiro";"2019";241;223;18;157;66;92;21;44;0;92,5;7,5;70,4;29,6;58,6;13,4;28;0
101290;"PJ junto a 1ª Vara Criminal de Niterói";44;"Niteroi";"2019";223;213;10;155;58;118;6;16;15;95,5;4,5;72,8;27,2;76,1;3,9;10,3;9,7
101291;"PJ junto a 2ª Vara Criminal de Niterói";44;"Niteroi";"2019";245;226;19;144;82;114;10;16;4;92,2;7,8;63,7;36,3;79,2;6,9;11,1;2,8
101292;"PJ junto a 3ª Vara Criminal de Niterói";44;"Niteroi";"2019";7;7;0;7;0;6;0;1;0;100;0;100;0;85,7;0;14,3;0
101294;"PJ junto a 4ª Vara Criminal de Niterói";44;"Niteroi";"2019";258;248;10;161;87;140;9;12;0;96,1;3,9;64,9;35,1;87;5,6;7,5;0
101403;"PJ junto a 1ª Vara Criminal de São Gonçalo";66;"Sao Goncalo";"2019";226;217;9;193;24;158;14;16;5;96;4;88,9;11,1;81,9;7,3;8,3;2,6
101408;"PJ junto a 2ª Vara Criminal de São Gonçalo";66;"Sao Goncalo";"2019";221;207;14;119;88;72;23;15;9;93,7;6,3;57,5;42,5;60,5;19,3;12,6;7,6
101405;"PJ junto a 3ª Vara Criminal de São Gonçalo";66;"Sao Goncalo";"2019";240;230;10;189;41;143;24;11;11;95,8;4,2;82,2;17,8;75,7;12,7;5,8;5,8
101406;"1ª PJ junto a 4ª Vara Criminal de São Gonçalo";66;"Sao Goncalo";"2019";1;0;1;0;0;0;0;0;0;0;100;NA;NA;NA;NA;NA;NA
101407;"2ª PJ junto a 4ª Vara Criminal de São Gonçalo";66;"Sao Goncalo";"2019";2;2;0;2;0;1;1;0;0;100;0;100;0;50;50;0;0
101404;"PJ junto a 5ª Vara Criminal de São Gonçalo";66;"Sao Goncalo";"2019";227;221;6;145;76;96;28;15;6;97,4;2,6;65,6;34,4;66,2;19,3;10,3;4,1
101189;"PJ junto a 1ª Vara Criminal de Duque de Caxias";22;"Duque de Caxias";"2019";278;274;4;164;110;135;11;18;0;98,6;1,4;59,9;40,1;82,3;6,7;11;0
101190;"PJ junto a 2ª Vara Criminal de Duque de Caxias";22;"Duque de Caxias";"2019";254;245;9;177;68;156;8;13;0;96,5;3,5;72,2;27,8;88,1;4,5;7,3;0
101191;"PJ junto a 3ª Vara Criminal de Duque de Caxias";22;"Duque de Caxias";"2019";244;234;10;144;90;127;7;10;0;95,9;4,1;61,5;38,5;88,2;4,9;6,9;0
101192;"1ª PJ junto a 4ª Vara Criminal de Duque de Caxias";22;"Duque de Caxias";"2019";5;5;0;5;0;4;0;1;0;100;0;100;0;80;0;20;0
101193;"2ª PJ junto a 4ª Vara Criminal de Duque de Caxias";22;"Duque de Caxias";"2019";8;8;0;8;0;1;0;7;0;100;0;100;0;12,5;0;87,5;0
200201;"PJ junto a 1ª Vara Criminal de Nova Iguaçu";46;"Nova Iguacu";"2019";354;341;13;165;176;131;10;24;0;96,3;3,7;48,4;51,6;79,4;6,1;14,5;0
101315;"PJ junto a 2ª Vara Criminal de Nova Iguaçu";46;"Nova Iguacu";"2019";351;343;8;202;141;134;44;24;0;97,7;2,3;58,9;41,1;66,3;21,8;11,9;0
101317;"1ª PJ junto a 4ª Vara Criminal de Nova Iguaçu";46;"Nova Iguacu";"2019";6;6;0;6;0;3;0;3;0;100;0;100;0;50;0;50;0
101318;"2ª PJ junto a 4ª Vara Criminal de Nova Iguaçu";46;"Nova Iguacu";"2019";5;5;0;5;0;2;0;3;0;100;0;100;0;40;0;60;0
101322;"PJ junto a 7ª Vara Criminal de Nova Iguaçu";46;"Nova Iguacu";"2019";241;231;10;152;79;106;27;19;0;95,9;4,1;65,8;34,2;69,7;17,8;12,5;0
101419;"1ª PJ junto a 1ª Vara Criminal de São João de Meriti";68;"Sao Joao de Meriti";"2019";115;111;4;74;37;57;8;9;0;96,5;3,5;66,7;33,3;77;10,8;12,2;0
921029;"2ª PJ junto a 1ª Vara Criminal de São João de Meriti";68;"Sao Joao de Meriti";"2019";134;130;4;95;35;74;7;14;0;97;3;73,1;26,9;77,9;7,4;14,7;0
101421;"PJ junto a 2ª Vara Criminal de São João de Meriti";68;"Sao Joao de Meriti";"2019";246;235;11;149;86;127;11;11;0;95,5;4,5;63,4;36,6;85,2;7,4;7,4;0
200409;"1ª PJ junto as Varas Criminais de Belford Roxo";7;"Belford Roxo";"2019";135;131;4;57;74;42;7;8;0;97;3;43,5;56,5;73,7;12,3;14;0
200499;"2ª PJ junto as Varas Criminais de Belford Roxo";7;"Belford Roxo";"2019";179;174;5;98;76;71;7;20;0;97,2;2,8;56,3;43,7;72,4;7,1;20,4;0
101273;"PJ junto a 1ª Vara Criminal de Nilópolis";43;"Nilopolis";"2019";149;146;3;115;31;80;25;9;1;98;2;78,8;21,2;69,6;21,7;7,8;0,9
101345;"PJ junto a 1ª Vara Criminal de Petrópolis";51;"Petropolis";"2019";271;254;17;149;105;125;10;11;3;93,7;6,3;58,7;41,3;83,9;6,7;7,4;2
101346;"PJ junto a 2ª Vara Criminal de Petrópolis";51;"Petropolis";"2019";275;256;19;131;125;103;7;21;0;93,1;6,9;51,2;48,8;78,6;5,3;16;0
400759;"1ª PJ junto a 1ª Vara Criminal de Campos dos Goytacazes";13;"Campos dos Goytacazes";"2019";177;38;139;28;10;13;2;13;0;21,5;78,5;73,7;26,3;46,4;7,1;46,4;0
400732;"2ª PJ junto a 1ª Vara Criminal de Campos dos Goytacazes";13;"Campos dos Goytacazes";"2019";158;15;143;12;3;7;0;5;0;9,5;90,5;80;20;58,3;0;41,7;0
101145;"PJ junto a 2ª Vara Criminal de Campos dos Goytacazes";13;"Campos dos Goytacazes";"2019";284;25;259;4;21;1;0;3;0;8,8;91,2;16;84;25;0;75;0
14329590;"PJ junto a 3ª Vara Criminal de Campos dos Goytacazes";13;"Campos dos Goytacazes";"2019";281;17;264;8;9;4;0;4;0;6;94;47,1;52,9;50;0;50;0
400565;"PJ junto a 5ª Vara Criminal da Capital";15;"Rio de Janeiro";"2018";205;201;4;159;42;123;10;13;13;98;2;79,1;20,9;77,4;6,3;8,2;8,2
400573;"PJ junto a 11ª Vara Criminal da Capital";15;"Rio de Janeiro";"2018";207;200;7;188;12;114;12;33;29;96,6;3,4;94;6;60,6;6,4;17,6;15,4
400588;"PJ junto a 14ª Vara Criminal da Capital";15;"Rio de Janeiro";"2018";213;209;4;206;3;135;23;29;19;98,1;1,9;98,6;1,4;65,5;11,2;14,1;9,2
400592;"PJ junto a 16ª Vara Criminal da Capital";15;"Rio de Janeiro";"2018";202;197;5;179;18;124;12;22;21;97,5;2,5;90,9;9,1;69,3;6,7;12,3;11,7
400591;"PJ junto a 17ª Vara Criminal da Capital";15;"Rio de Janeiro";"2018";198;190;8;169;21;141;2;10;16;96;4;88,9;11,1;83,4;1,2;5,9;9,5
400594;"PJ junto a 19ª Vara Criminal da Capital";15;"Rio de Janeiro";"2018";214;208;6;173;35;133;10;25;5;97,2;2,8;83,2;16,8;76,9;5,8;14,5;2,9
400580;"PJ junto a 20ª Vara Criminal da Capital";15;"Rio de Janeiro";"2018";218;208;10;160;48;118;9;13;20;95,4;4,6;76,9;23,1;73,8;5,6;8,1;12,5
400590;"PJ junto a 21ª Vara Criminal da Capital";15;"Rio de Janeiro";"2018";179;172;7;146;26;83;26;18;19;96,1;3,9;84,9;15,1;56,8;17,8;12,3;13
400582;"PJ junto a 23ª Vara Criminal da Capital";15;"Rio de Janeiro";"2018";210;209;1;196;13;147;11;12;26;99,5;0,5;93,8;6,2;75;5,6;6,1;13,3
400568;"PJ junto a 26ª Vara Criminal da Capital";15;"Rio de Janeiro";"2018";205;198;7;147;51;108;13;20;6;96,6;3,4;74,2;25,8;73,5;8,8;13,6;4,1
400586;"PJ junto a 27ª Vara Criminal da Capital";15;"Rio de Janeiro";"2018";208;205;3;186;19;144;11;13;18;98,6;1,4;90,7;9,3;77,4;5,9;7;9,7
400585;"PJ junto a 28ª Vara Criminal da Capital";15;"Rio de Janeiro";"2018";185;181;4;147;34;119;14;12;2;97,8;2,2;81,2;18,8;81;9,5;8,2;1,4
400569;"PJ junto a 29ª Vara Criminal da Capital";15;"Rio de Janeiro";"2018";197;191;6;171;20;133;8;7;23;97;3;89,5;10,5;77,8;4,7;4,1;13,5
400597;"PJ junto a 31ª Vara Criminal da Capital";15;"Rio de Janeiro";"2018";178;174;4;149;25;91;33;19;6;97,8;2,2;85,6;14,4;61,1;22,1;12,8;4
400581;"PJ junto a 32ª Vara Criminal da Capital";15;"Rio de Janeiro";"2018";215;211;4;111;100;92;8;11;0;98,1;1,9;52,6;47,4;82,9;7,2;9,9;0
400577;"PJ junto a 33ª Vara Criminal da Capital";15;"Rio de Janeiro";"2018";204;202;2;182;20;134;20;15;13;99;1;90,1;9,9;73,6;11;8,2;7,1
400583;"PJ junto a 34ª Vara Criminal da Capital";15;"Rio de Janeiro";"2018";224;219;5;182;37;137;14;17;14;97,8;2,2;83,1;16,9;75,3;7,7;9,3;7,7
400570;"PJ junto a 35ª Vara Criminal da Capital";15;"Rio de Janeiro";"2018";211;203;8;168;35;121;12;19;16;96,2;3,8;82,8;17,2;72;7,1;11,3;9,5
400571;"PJ junto a 36ª Vara Criminal da Capital";15;"Rio de Janeiro";"2018";190;187;3;158;29;121;10;5;22;98,4;1,6;84,5;15,5;76,6;6,3;3,2;13,9
400572;"PJ junto a 37ª Vara Criminal da Capital";15;"Rio de Janeiro";"2018";181;179;2;134;45;81;21;24;8;98,9;1,1;74,9;25,1;60,4;15,7;17,9;6
400595;"PJ junto a 38ª Vara Criminal da Capital";15;"Rio de Janeiro";"2018";206;201;5;178;23;137;12;11;18;97,6;2,4;88,6;11,4;77;6,7;6,2;10,1
400579;"PJ junto a 39ª Vara Criminal da Capital";15;"Rio de Janeiro";"2018";197;192;5;158;34;124;6;18;10;97,5;2,5;82,3;17,7;78,5;3,8;11,4;6,3
101062;"PJ junto a 40ª Vara Criminal da Capital";15;"Rio de Janeiro";"2018";197;196;1;187;9;119;26;24;18;99,5;0,5;95,4;4,6;63,6;13,9;12,8;9,6
101063;"PJ junto a 41ª Vara Criminal da Capital";15;"Rio de Janeiro";"2018";199;194;5;153;41;123;12;17;1;97,5;2,5;78,9;21,1;80,4;7,8;11,1;0,7
101053;"PJ junto a 42ª Vara Criminal da Capital";15;"Rio de Janeiro";"2018";202;196;6;182;14;131;19;14;18;97;3;92,9;7,1;72;10,4;7,7;9,9
101055;"PJ junto a 43ª Vara Criminal da Capital";15;"Rio de Janeiro";"2018";195;190;5;152;38;112;21;7;12;97,4;2,6;80;20;73,7;13,8;4,6;7,9
101043;"1ª PJ junto a 1ª e a 2ª Varas Criminais de Bangu";15;"Rio de Janeiro";"2018";245;233;12;193;40;157;6;23;7;95,1;4,9;82,8;17,2;81,3;3,1;11,9;3,6
101044;"2ª PJ junto a 1ª e a 2ª Varas Criminais de Bangu";15;"Rio de Janeiro";"2018";258;240;18;198;42;143;40;9;6;93;7;82,5;17,5;72,2;20,2;4,5;3
101082;"PJ junto a 1ª Vara Criminal de Jacarepagua";15;"Rio de Janeiro";"2018";232;230;2;192;38;118;37;37;0;99,1;0,9;83,5;16,5;61,5;19,3;19,3;0
101070;"PJ junto a 2ª Vara Criminal de Jacarepagua";15;"Rio de Janeiro";"2018";216;207;9;168;39;125;23;19;1;95,8;4,2;81,2;18,8;74,4;13,7;11,3;0,6
101088;"1ª PJ Criminal de Santa Cruz";15;"Rio de Janeiro";"2018";67;62;5;61;1;33;2;25;1;92,5;7,5;98,4;1,6;54,1;3,3;41;1,6
101089;"2ª PJ Criminal de Santa Cruz";15;"Rio de Janeiro";"2018";145;122;23;98;24;49;12;30;7;84,1;15,9;80,3;19,7;50;12,2;30,6;7,1
907757;"PJ junto a 1ª Vara Criminal de Madureira";15;"Rio de Janeiro";"2018";184;180;4;141;39;91;24;23;3;97,8;2,2;78,3;21,7;64,5;17;16,3;2,1
101080;"PJ junto a 2ª Vara Criminal de Madureira";15;"Rio de Janeiro";"2018";199;190;9;145;45;96;16;24;9;95,5;4,5;76,3;23,7;66,2;11;16,6;6,2
101290;"PJ junto a 1ª Vara Criminal de Niterói";44;"Niteroi";"2018";251;245;6;227;18;174;19;20;14;97,6;2,4;92,7;7,3;76,7;8,4;8,8;6,2
101291;"PJ junto a 2ª Vara Criminal de Niterói";44;"Niteroi";"2018";245;240;5;193;47;140;14;34;5;98;2;80,4;19,6;72,5;7,3;17,6;2,6
101292;"PJ junto a 3ª Vara Criminal de Niterói";44;"Niteroi";"2018";13;10;3;10;0;9;0;1;0;76,9;23,1;100;0;90;0;10;0
101294;"PJ junto a 4ª Vara Criminal de Niterói";44;"Niteroi";"2018";243;236;7;206;30;156;17;15;18;97,1;2,9;87,3;12,7;75,7;8,3;7,3;8,7
101403;"PJ junto a 1ª Vara Criminal de São Gonçalo";66;"Sao Goncalo";"2018";273;265;8;254;11;180;39;22;13;97,1;2,9;95,8;4,2;70,9;15,4;8,7;5,1
101408;"PJ junto a 2ª Vara Criminal de São Gonçalo";66;"Sao Goncalo";"2018";278;264;14;213;51;127;50;25;11;95;5;80,7;19,3;59,6;23,5;11,7;5,2
101405;"PJ junto a 3ª Vara Criminal de São Gonçalo";66;"Sao Goncalo";"2018";279;268;11;232;36;177;27;16;12;96,1;3,9;86,6;13,4;76,3;11,6;6,9;5,2
101406;"1ª PJ junto a 4ª Vara Criminal de São Gonçalo";66;"Sao Goncalo";"2018";3;0;3;0;0;0;0;0;0;0;100;NA;NA;NA;NA;NA;NA
101407;"2ª PJ junto a 4ª Vara Criminal de São Gonçalo";66;"Sao Goncalo";"2018";10;10;0;9;1;4;4;1;0;100;0;90;10;44,4;44,4;11,1;0
101404;"PJ junto a 5ª Vara Criminal de São Gonçalo";66;"Sao Goncalo";"2018";269;258;11;235;23;169;41;9;16;95,9;4,1;91,1;8,9;71,9;17,4;3,8;6,8
101189;"PJ junto a 1ª Vara Criminal de Duque de Caxias";22;"Duque de Caxias";"2018";327;317;10;245;72;204;12;26;3;96,9;3,1;77,3;22,7;83,3;4,9;10,6;1,2
101190;"PJ junto a 2ª Vara Criminal de Duque de Caxias";22;"Duque de Caxias";"2018";313;305;8;272;33;236;10;22;4;97,4;2,6;89,2;10,8;86,8;3,7;8,1;1,5
101191;"PJ junto a 3ª Vara Criminal de Duque de Caxias";22;"Duque de Caxias";"2018";305;294;11;239;55;211;2;23;3;96,4;3,6;81,3;18,7;88,3;0,8;9,6;1,3
101192;"1ª PJ junto a 4ª Vara Criminal de Duque de Caxias";22;"Duque de Caxias";"2018";4;2;2;2;0;1;1;0;0;50;50;100;0;50;50;0;0
101193;"2ª PJ junto a 4ª Vara Criminal de Duque de Caxias";22;"Duque de Caxias";"2018";4;4;0;2;2;1;1;0;0;100;0;50;50;50;50;0;0
200201;"PJ junto a 1ª Vara Criminal de Nova Iguaçu";46;"Nova Iguacu";"2018";396;379;17;286;93;218;37;29;2;95,7;4,3;75,5;24,5;76,2;12,9;10,1;0,7
101315;"PJ junto a 2ª Vara Criminal de Nova Iguaçu";46;"Nova Iguacu";"2018";386;369;17;278;91;199;60;19;0;95,6;4,4;75,3;24,7;71,6;21,6;6,8;0
101317;"1ª PJ junto a 4ª Vara Criminal de Nova Iguaçu";46;"Nova Iguacu";"2018";12;12;0;11;1;8;1;2;0;100;0;91,7;8,3;72,7;9,1;18,2;0
101318;"2ª PJ junto a 4ª Vara Criminal de Nova Iguaçu";46;"Nova Iguacu";"2018";8;8;0;5;3;4;0;1;0;100;0;62,5;37,5;80;0;20;0
101322;"PJ junto a 7ª Vara Criminal de Nova Iguaçu";46;"Nova Iguacu";"2018";297;277;20;210;67;146;33;29;2;93,3;6,7;75,8;24,2;69,5;15,7;13,8;1
101419;"1ª PJ junto a 1ª Vara Criminal de São João de Meriti";68;"Sao Joao de Meriti";"2018";107;105;2;83;22;69;9;5;0;98,1;1,9;79;21;83,1;10,8;6;0
921029;"2ª PJ junto a 1ª Vara Criminal de São João de Meriti";68;"Sao Joao de Meriti";"2018";143;141;2;113;28;93;13;7;0;98,6;1,4;80,1;19,9;82,3;11,5;6,2;0
101421;"PJ junto a 2ª Vara Criminal de São João de Meriti";68;"Sao Joao de Meriti";"2018";300;295;5;247;48;215;15;13;4;98,3;1,7;83,7;16,3;87;6,1;5,3;1,6
200409;"1ª PJ junto as Varas Criminais de Belford Roxo";7;"Belford Roxo";"2018";193;186;7;120;66;102;4;14;0;96,4;3,6;64,5;35,5;85;3,3;11,7;0
200499;"2ª PJ junto as Varas Criminais de Belford Roxo";7;"Belford Roxo";"2018";203;201;2;167;34;129;9;26;3;99;1;83,1;16,9;77,2;5,4;15,6;1,8
101273;"PJ junto a 1ª Vara Criminal de Nilópolis";43;"Nilopolis";"2018";129;126;3;114;12;76;18;16;4;97,7;2,3;90,5;9,5;66,7;15,8;14;3,5
101345;"PJ junto a 1ª Vara Criminal de Petrópolis";51;"Petropolis";"2018";268;255;13;205;50;172;11;19;3;95,1;4,9;80,4;19,6;83,9;5,4;9,3;1,5
101346;"PJ junto a 2ª Vara Criminal de Petrópolis";51;"Petropolis";"2018";242;226;16;175;51;125;13;34;3;93,4;6,6;77,4;22,6;71,4;7,4;19,4;1,7
400759;"1ª PJ junto a 1ª Vara Criminal de Campos dos Goytacazes";13;"Campos dos Goytacazes";"2018";161;19;142;15;4;12;0;3;0;11,8;88,2;78,9;21,1;80;0;20;0
400732;"2ª PJ junto a 1ª Vara Criminal de Campos dos Goytacazes";13;"Campos dos Goytacazes";"2018";158;12;146;11;1;5;3;3;0;7,6;92,4;91,7;8,3;45,5;27,3;27,3;0
101145;"PJ junto a 2ª Vara Criminal de Campos dos Goytacazes";13;"Campos dos Goytacazes";"2018";327;17;310;7;10;3;2;2;0;5,2;94,8;41,2;58,8;42,9;28,6;28,6;0
14329590;"PJ junto a 3ª Vara Criminal de Campos dos Goytacazes";13;"Campos dos Goytacazes";"2018";310;7;303;4;3;1;2;1;0;2,3;97,7;57,1;42,9;25;50;25;0
400565;"PJ junto a 5ª Vara Criminal da Capital";15;"Rio de Janeiro";"2017";225;221;4;200;21;140;11;34;15;98,2;1,8;90,5;9,5;70;5,5;17;7,5
400573;"PJ junto a 11ª Vara Criminal da Capital";15;"Rio de Janeiro";"2017";225;216;9;208;8;132;21;32;23;96;4;96,3;3,7;63,5;10,1;15,4;11,1
400588;"PJ junto a 14ª Vara Criminal da Capital";15;"Rio de Janeiro";"2017";209;206;3;202;4;120;24;30;28;98,6;1,4;98,1;1,9;59,4;11,9;14,9;13,9
400592;"PJ junto a 16ª Vara Criminal da Capital";15;"Rio de Janeiro";"2017";235;232;3;226;6;162;21;28;15;98,7;1,3;97,4;2,6;71,7;9,3;12,4;6,6
400591;"PJ junto a 17ª Vara Criminal da Capital";15;"Rio de Janeiro";"2017";214;208;6;196;12;139;10;28;19;97,2;2,8;94,2;5,8;70,9;5,1;14,3;9,7
400594;"PJ junto a 19ª Vara Criminal da Capital";15;"Rio de Janeiro";"2017";242;239;3;216;23;170;8;29;9;98,8;1,2;90,4;9,6;78,7;3,7;13,4;4,2
400580;"PJ junto a 20ª Vara Criminal da Capital";15;"Rio de Janeiro";"2017";228;218;10;182;36;137;8;17;20;95,6;4,4;83,5;16,5;75,3;4,4;9,3;11
400590;"PJ junto a 21ª Vara Criminal da Capital";15;"Rio de Janeiro";"2017";221;217;4;203;14;110;31;36;26;98,2;1,8;93,5;6,5;54,2;15,3;17,7;12,8
400582;"PJ junto a 23ª Vara Criminal da Capital";15;"Rio de Janeiro";"2017";231;225;6;222;3;155;13;17;37;97,4;2,6;98,7;1,3;69,8;5,9;7,7;16,7
400568;"PJ junto a 26ª Vara Criminal da Capital";15;"Rio de Janeiro";"2017";228;221;7;176;45;110;23;30;13;96,9;3,1;79,6;20,4;62,5;13,1;17;7,4
400586;"PJ junto a 27ª Vara Criminal da Capital";15;"Rio de Janeiro";"2017";213;213;0;204;9;166;9;8;21;100;0;95,8;4,2;81,4;4,4;3,9;10,3
400585;"PJ junto a 28ª Vara Criminal da Capital";15;"Rio de Janeiro";"2017";214;212;2;178;34;131;18;24;5;99,1;0,9;84;16;73,6;10,1;13,5;2,8
400569;"PJ junto a 29ª Vara Criminal da Capital";15;"Rio de Janeiro";"2017";220;214;6;205;9;151;8;24;22;97,3;2,7;95,8;4,2;73,7;3,9;11,7;10,7
400597;"PJ junto a 31ª Vara Criminal da Capital";15;"Rio de Janeiro";"2017";224;220;4;203;17;109;54;20;20;98,2;1,8;92,3;7,7;53,7;26,6;9,9;9,9
400581;"PJ junto a 32ª Vara Criminal da Capital";15;"Rio de Janeiro";"2017";203;197;6;153;44;107;17;21;8;97;3;77,7;22,3;69,9;11,1;13,7;5,2
400577;"PJ junto a 33ª Vara Criminal da Capital";15;"Rio de Janeiro";"2017";228;221;7;215;6;157;28;14;16;96,9;3,1;97,3;2,7;73;13;6,5;7,4
400583;"PJ junto a 34ª Vara Criminal da Capital";15;"Rio de Janeiro";"2017";232;226;6;203;23;164;8;14;17;97,4;2,6;89,8;10,2;80,8;3,9;6,9;8,4
400570;"PJ junto a 35ª Vara Criminal da Capital";15;"Rio de Janeiro";"2017";227;219;8;192;27;124;26;24;18;96,5;3,5;87,7;12,3;64,6;13,5;12,5;9,4
400571;"PJ junto a 36ª Vara Criminal da Capital";15;"Rio de Janeiro";"2017";220;212;8;198;14;148;12;23;15;96,4;3,6;93,4;6,6;74,7;6,1;11,6;7,6
400572;"PJ junto a 37ª Vara Criminal da Capital";15;"Rio de Janeiro";"2017";212;210;2;177;33;80;62;29;6;99,1;0,9;84,3;15,7;45,2;35;16,4;3,4
400595;"PJ junto a 38ª Vara Criminal da Capital";15;"Rio de Janeiro";"2017";213;213;0;199;14;137;24;21;17;100;0;93,4;6,6;68,8;12,1;10,6;8,5
400579;"PJ junto a 39ª Vara Criminal da Capital";15;"Rio de Janeiro";"2017";238;226;12;201;25;132;23;22;24;95;5;88,9;11,1;65,7;11,4;10,9;11,9
101062;"PJ junto a 40ª Vara Criminal da Capital";15;"Rio de Janeiro";"2017";217;216;1;213;3;136;33;22;22;99,5;0,5;98,6;1,4;63,8;15,5;10,3;10,3
101063;"PJ junto a 41ª Vara Criminal da Capital";15;"Rio de Janeiro";"2017";228;222;6;169;53;141;8;19;1;97,4;2,6;76,1;23,9;83,4;4,7;11,2;0,6
101053;"PJ junto a 42ª Vara Criminal da Capital";15;"Rio de Janeiro";"2017";231;221;10;215;6;144;35;22;14;95,7;4,3;97,3;2,7;67;16,3;10,2;6,5
101055;"PJ junto a 43ª Vara Criminal da Capital";15;"Rio de Janeiro";"2017";217;215;2;201;14;124;35;16;26;99,1;0,9;93,5;6,5;61,7;17,4;8;12,9
101043;"1ª PJ junto a 1ª e a 2ª Varas Criminais de Bangu";15;"Rio de Janeiro";"2017";323;315;8;283;32;203;28;38;14;97,5;2,5;89,8;10,2;71,7;9,9;13,4;4,9
101044;"2ª PJ junto a 1ª e a 2ª Varas Criminais de Bangu";15;"Rio de Janeiro";"2017";280;276;4;244;32;158;31;43;12;98,6;1,4;88,4;11,6;64,8;12,7;17,6;4,9
101082;"PJ junto a 1ª Vara Criminal de Jacarepagua";15;"Rio de Janeiro";"2017";211;208;3;187;21;95;31;61;0;98,6;1,4;89,9;10,1;50,8;16,6;32,6;0
101070;"PJ junto a 2ª Vara Criminal de Jacarepagua";15;"Rio de Janeiro";"2017";214;213;1;199;14;130;24;34;11;99,5;0,5;93,4;6,6;65,3;12,1;17,1;5,5
101088;"1ª PJ Criminal de Santa Cruz";15;"Rio de Janeiro";"2017";65;44;21;44;0;27;5;6;6;67,7;32,3;100;0;61,4;11,4;13,6;13,6
101089;"2ª PJ Criminal de Santa Cruz";15;"Rio de Janeiro";"2017";165;146;19;139;7;56;9;61;13;88,5;11,5;95,2;4,8;40,3;6,5;43,9;9,4
907757;"PJ junto a 1ª Vara Criminal de Madureira";15;"Rio de Janeiro";"2017";270;265;5;239;26;154;41;29;15;98,1;1,9;90,2;9,8;64,4;17,2;12,1;6,3
101080;"PJ junto a 2ª Vara Criminal de Madureira";15;"Rio de Janeiro";"2017";252;247;5;220;27;163;19;18;20;98;2;89,1;10,9;74,1;8,6;8,2;9,1
101290;"PJ junto a 1ª Vara Criminal de Niterói";44;"Niteroi";"2017";251;250;1;238;12;192;15;23;8;99,6;0,4;95,2;4,8;80,7;6,3;9,7;3,4
101291;"PJ junto a 2ª Vara Criminal de Niterói";44;"Niteroi";"2017";246;237;9;223;14;182;17;20;4;96,3;3,7;94,1;5,9;81,6;7,6;9;1,8
101292;"PJ junto a 3ª Vara Criminal de Niterói";44;"Niteroi";"2017";19;14;5;14;0;11;2;1;0;73,7;26,3;100;0;78,6;14,3;7,1;0
101294;"PJ junto a 4ª Vara Criminal de Niterói";44;"Niteroi";"2017";231;227;4;212;15;175;8;20;9;98,3;1,7;93,4;6,6;82,5;3,8;9,4;4,2
101403;"PJ junto a 1ª Vara Criminal de São Gonçalo";66;"Sao Goncalo";"2017";294;289;5;285;4;194;53;29;9;98,3;1,7;98,6;1,4;68,1;18,6;10,2;3,2
101408;"PJ junto a 2ª Vara Criminal de São Gonçalo";66;"Sao Goncalo";"2017";287;272;15;246;26;136;61;43;6;94,8;5,2;90,4;9,6;55,3;24,8;17,5;2,4
101405;"PJ junto a 3ª Vara Criminal de São Gonçalo";66;"Sao Goncalo";"2017";286;281;5;263;18;199;40;17;7;98,3;1,7;93,6;6,4;75,7;15,2;6,5;2,7
101406;"1ª PJ junto a 4ª Vara Criminal de São Gonçalo";66;"Sao Goncalo";"2017";2;1;1;1;0;0;1;0;0;50;50;100;0;0;100;0;0
101407;"2ª PJ junto a 4ª Vara Criminal de São Gonçalo";66;"Sao Goncalo";"2017";16;15;1;15;0;8;3;3;1;93,8;6,2;100;0;53,3;20;20;6,7
101404;"PJ junto a 5ª Vara Criminal de São Gonçalo";66;"Sao Goncalo";"2017";283;278;5;274;4;207;32;28;7;98,2;1,8;98,6;1,4;75,5;11,7;10,2;2,6
101189;"PJ junto a 1ª Vara Criminal de Duque de Caxias";22;"Duque de Caxias";"2017";374;361;13;308;53;229;29;45;5;96,5;3,5;85,3;14,7;74,4;9,4;14,6;1,6
101190;"PJ junto a 2ª Vara Criminal de Duque de Caxias";22;"Duque de Caxias";"2017";319;316;3;295;21;259;15;16;5;99,1;0,9;93,4;6,6;87,8;5,1;5,4;1,7
101191;"PJ junto a 3ª Vara Criminal de Duque de Caxias";22;"Duque de Caxias";"2017";317;307;10;272;35;219;20;21;12;96,8;3,2;88,6;11,4;80,5;7,4;7,7;4,4
101192;"1ª PJ junto a 4ª Vara Criminal de Duque de Caxias";22;"Duque de Caxias";"2017";10;7;3;7;0;7;0;0;0;70;30;100;0;100;0;0;0
101193;"2ª PJ junto a 4ª Vara Criminal de Duque de Caxias";22;"Duque de Caxias";"2017";11;6;5;5;1;3;0;2;0;54,5;45,5;83,3;16,7;60;0;40;0
200201;"PJ junto a 1ª Vara Criminal de Nova Iguaçu";46;"Nova Iguacu";"2017";412;397;15;328;69;244;50;30;4;96,4;3,6;82,6;17,4;74,4;15,2;9,1;1,2
101315;"PJ junto a 2ª Vara Criminal de Nova Iguaçu";46;"Nova Iguacu";"2017";382;377;5;334;43;245;60;28;1;98,7;1,3;88,6;11,4;73,4;18;8,4;0,3
101317;"1ª PJ junto a 4ª Vara Criminal de Nova Iguaçu";46;"Nova Iguacu";"2017";10;10;0;9;1;8;0;1;0;100;0;90;10;88,9;0;11,1;0
101318;"2ª PJ junto a 4ª Vara Criminal de Nova Iguaçu";46;"Nova Iguacu";"2017";9;7;2;6;1;4;0;2;0;77,8;22,2;85,7;14,3;66,7;0;33,3;0
101322;"PJ junto a 7ª Vara Criminal de Nova Iguaçu";46;"Nova Iguacu";"2017";304;297;7;241;56;166;44;29;2;97,7;2,3;81,1;18,9;68,9;18,3;12;0,8
101419;"1ª PJ junto a 1ª Vara Criminal de São João de Meriti";68;"Sao Joao de Meriti";"2017";134;129;5;100;29;83;7;10;0;96,3;3,7;77,5;22,5;83;7;10;0
921029;"2ª PJ junto a 1ª Vara Criminal de São João de Meriti";68;"Sao Joao de Meriti";"2017";152;142;10;123;19;111;4;8;0;93,4;6,6;86,6;13,4;90,2;3,3;6,5;0
101421;"PJ junto a 2ª Vara Criminal de São João de Meriti";68;"Sao Joao de Meriti";"2017";286;280;6;251;29;221;13;16;1;97,9;2,1;89,6;10,4;88;5,2;6,4;0,4
200409;"1ª PJ junto as Varas Criminais de Belford Roxo";7;"Belford Roxo";"2017";192;185;7;139;46;124;9;6;0;96,4;3,6;75,1;24,9;89,2;6,5;4,3;0
200499;"2ª PJ junto as Varas Criminais de Belford Roxo";7;"Belford Roxo";"2017";181;173;8;139;34;88;21;30;0;95,6;4,4;80,3;19,7;63,3;15,1;21,6;0
101273;"PJ junto a 1ª Vara Criminal de Nilópolis";43;"Nilopolis";"2017";173;171;2;160;11;109;39;10;2;98,8;1,2;93,6;6,4;68,1;24,4;6,2;1,2
101345;"PJ junto a 1ª Vara Criminal de Petrópolis";51;"Petropolis";"2017";285;280;5;239;41;195;9;35;0;98,2;1,8;85,4;14,6;81,6;3,8;14,6;0
101346;"PJ junto a 2ª Vara Criminal de Petrópolis";51;"Petropolis";"2017";272;266;6;220;46;138;19;58;5;97,8;2,2;82,7;17,3;62,7;8,6;26,4;2,3
400759;"1ª PJ junto a 1ª Vara Criminal de Campos dos Goytacazes";13;"Campos dos Goytacazes";"2017";178;16;162;12;4;8;0;4;0;9;91;75;25;66,7;0;33,3;0
400732;"2ª PJ junto a 1ª Vara Criminal de Campos dos Goytacazes";13;"Campos dos Goytacazes";"2017";148;18;130;15;3;7;4;4;0;12,2;87,8;83,3;16,7;46,7;26,7;26,7;0
101145;"PJ junto a 2ª Vara Criminal de Campos dos Goytacazes";13;"Campos dos Goytacazes";"2017";323;18;305;11;7;5;0;6;0;5,6;94,4;61,1;38,9;45,5;0;54,5;0
14329590;"PJ junto a 3ª Vara Criminal de Campos dos Goytacazes";13;"Campos dos Goytacazes";"2017";314;11;303;7;4;3;2;2;0;3,5;96,5;63,6;36,4;42,9;28,6;28,6;0
400565;"PJ junto a 5ª Vara Criminal da Capital";15;"Rio de Janeiro";"2016";230;228;2;224;4;152;17;38;17;99,1;0,9;98,2;1,8;67,9;7,6;17;7,6
400573;"PJ junto a 11ª Vara Criminal da Capital";15;"Rio de Janeiro";"2016";239;237;2;233;4;153;39;27;14;99,2;0,8;98,3;1,7;65,7;16,7;11,6;6
400588;"PJ junto a 14ª Vara Criminal da Capital";15;"Rio de Janeiro";"2016";232;224;8;222;2;140;26;34;22;96,6;3,4;99,1;0,9;63,1;11,7;15,3;9,9
400592;"PJ junto a 16ª Vara Criminal da Capital";15;"Rio de Janeiro";"2016";226;225;1;219;6;170;14;21;14;99,6;0,4;97,3;2,7;77,6;6,4;9,6;6,4
400591;"PJ junto a 17ª Vara Criminal da Capital";15;"Rio de Janeiro";"2016";216;212;4;197;15;148;11;18;20;98,1;1,9;92,9;7,1;75,1;5,6;9,1;10,2
400594;"PJ junto a 19ª Vara Criminal da Capital";15;"Rio de Janeiro";"2016";203;195;8;186;9;153;8;24;1;96,1;3,9;95,4;4,6;82,3;4,3;12,9;0,5
400580;"PJ junto a 20ª Vara Criminal da Capital";15;"Rio de Janeiro";"2016";235;232;3;211;21;150;12;22;27;98,7;1,3;90,9;9,1;71,1;5,7;10,4;12,8
400590;"PJ junto a 21ª Vara Criminal da Capital";15;"Rio de Janeiro";"2016";230;225;5;217;8;125;49;30;13;97,8;2,2;96,4;3,6;57,6;22,6;13,8;6
400582;"PJ junto a 23ª Vara Criminal da Capital";15;"Rio de Janeiro";"2016";223;216;7;215;1;156;7;29;23;96,9;3,1;99,5;0,5;72,6;3,3;13,5;10,7
400568;"PJ junto a 26ª Vara Criminal da Capital";15;"Rio de Janeiro";"2016";235;228;7;198;30;129;19;38;12;97;3;86,8;13,2;65,2;9,6;19,2;6,1
400586;"PJ junto a 27ª Vara Criminal da Capital";15;"Rio de Janeiro";"2016";245;242;3;240;2;190;14;23;13;98,8;1,2;99,2;0,8;79,2;5,8;9,6;5,4
400585;"PJ junto a 28ª Vara Criminal da Capital";15;"Rio de Janeiro";"2016";223;220;3;207;13;147;19;31;10;98,7;1,3;94,1;5,9;71;9,2;15;4,8
400569;"PJ junto a 29ª Vara Criminal da Capital";15;"Rio de Janeiro";"2016";218;212;6;209;3;160;6;30;13;97,2;2,8;98,6;1,4;76,6;2,9;14,4;6,2
400597;"PJ junto a 31ª Vara Criminal da Capital";15;"Rio de Janeiro";"2016";228;225;3;222;3;110;70;24;18;98,7;1,3;98,7;1,3;49,5;31,5;10,8;8,1
400581;"PJ junto a 32ª Vara Criminal da Capital";15;"Rio de Janeiro";"2016";227;215;12;181;34;93;35;43;10;94,7;5,3;84,2;15,8;51,4;19,3;23,8;5,5
400577;"PJ junto a 33ª Vara Criminal da Capital";15;"Rio de Janeiro";"2016";235;233;2;229;4;147;26;34;22;99,1;0,9;98,3;1,7;64,2;11,4;14,8;9,6
400583;"PJ junto a 34ª Vara Criminal da Capital";15;"Rio de Janeiro";"2016";218;216;2;204;12;162;14;12;16;99,1;0,9;94,4;5,6;79,4;6,9;5,9;7,8
400570;"PJ junto a 35ª Vara Criminal da Capital";15;"Rio de Janeiro";"2016";237;235;2;222;13;129;40;35;18;99,2;0,8;94,5;5,5;58,1;18;15,8;8,1
400571;"PJ junto a 36ª Vara Criminal da Capital";15;"Rio de Janeiro";"2016";220;216;4;213;3;151;19;26;17;98,2;1,8;98,6;1,4;70,9;8,9;12,2;8
400572;"PJ junto a 37ª Vara Criminal da Capital";15;"Rio de Janeiro";"2016";245;245;0;229;16;81;82;55;11;100;0;93,5;6,5;35,4;35,8;24;4,8
400595;"PJ junto a 38ª Vara Criminal da Capital";15;"Rio de Janeiro";"2016";227;220;7;214;6;143;19;27;25;96,9;3,1;97,3;2,7;66,8;8,9;12,6;11,7
400579;"PJ junto a 39ª Vara Criminal da Capital";15;"Rio de Janeiro";"2016";224;220;4;208;12;139;20;22;27;98,2;1,8;94,5;5,5;66,8;9,6;10,6;13
101062;"PJ junto a 40ª Vara Criminal da Capital";15;"Rio de Janeiro";"2016";247;238;9;235;3;160;20;33;22;96,4;3,6;98,7;1,3;68,1;8,5;14;9,4
101063;"PJ junto a 41ª Vara Criminal da Capital";15;"Rio de Janeiro";"2016";230;226;4;196;30;146;13;32;5;98,3;1,7;86,7;13,3;74,5;6,6;16,3;2,6
101053;"PJ junto a 42ª Vara Criminal da Capital";15;"Rio de Janeiro";"2016";232;229;3;225;4;156;30;28;11;98,7;1,3;98,3;1,7;69,3;13,3;12,4;4,9
101055;"PJ junto a 43ª Vara Criminal da Capital";15;"Rio de Janeiro";"2016";226;221;5;205;16;90;73;25;17;97,8;2,2;92,8;7,2;43,9;35,6;12,2;8,3
101043;"1ª PJ junto a 1ª e a 2ª Varas Criminais de Bangu";15;"Rio de Janeiro";"2016";378;373;5;338;35;232;51;43;12;98,7;1,3;90,6;9,4;68,6;15,1;12,7;3,6
101044;"2ª PJ junto a 1ª e a 2ª Varas Criminais de Bangu";15;"Rio de Janeiro";"2016";327;317;10;298;19;209;42;37;10;96,9;3,1;94;6;70,1;14,1;12,4;3,4
101082;"PJ junto a 1ª Vara Criminal de Jacarepagua";15;"Rio de Janeiro";"2016";281;279;2;268;11;158;48;61;1;99,3;0,7;96,1;3,9;59;17,9;22,8;0,4
101070;"PJ junto a 2ª Vara Criminal de Jacarepagua";15;"Rio de Janeiro";"2016";255;249;6;232;17;142;21;56;13;97,6;2,4;93,2;6,8;61,2;9,1;24,1;5,6
101088;"1ª PJ Criminal de Santa Cruz";15;"Rio de Janeiro";"2016";99;64;35;63;1;33;19;6;5;64,6;35,4;98,4;1,6;52,4;30,2;9,5;7,9
101089;"2ª PJ Criminal de Santa Cruz";15;"Rio de Janeiro";"2016";219;191;28;187;4;60;18;76;33;87,2;12,8;97,9;2,1;32,1;9,6;40,6;17,6
907757;"PJ junto a 1ª Vara Criminal de Madureira";15;"Rio de Janeiro";"2016";217;211;6;204;7;139;27;23;15;97,2;2,8;96,7;3,3;68,1;13,2;11,3;7,4
101080;"PJ junto a 2ª Vara Criminal de Madureira";15;"Rio de Janeiro";"2016";219;213;6;207;6;163;13;27;4;97,3;2,7;97,2;2,8;78,7;6,3;13;1,9
101290;"PJ junto a 1ª Vara Criminal de Niterói";44;"Niteroi";"2016";271;269;2;262;7;200;20;31;11;99,3;0,7;97,4;2,6;76,3;7,6;11,8;4,2
101291;"PJ junto a 2ª Vara Criminal de Niterói";44;"Niteroi";"2016";292;288;4;278;10;206;19;40;13;98,6;1,4;96,5;3,5;74,1;6,8;14,4;4,7
101292;"PJ junto a 3ª Vara Criminal de Niterói";44;"Niteroi";"2016";24;19;5;19;0;17;1;0;1;79,2;20,8;100;0;89,5;5,3;0;5,3
101294;"PJ junto a 4ª Vara Criminal de Niterói";44;"Niteroi";"2016";281;274;7;257;17;206;12;32;7;97,5;2,5;93,8;6,2;80,2;4,7;12,5;2,7
101403;"PJ junto a 1ª Vara Criminal de São Gonçalo";66;"Sao Goncalo";"2016";311;305;6;302;3;234;30;29;9;98,1;1,9;99;1;77,5;9,9;9,6;3
101408;"PJ junto a 2ª Vara Criminal de São Gonçalo";66;"Sao Goncalo";"2016";230;216;14;207;9;111;57;29;10;93,9;6,1;95,8;4,2;53,6;27,5;14;4,8
101405;"PJ junto a 3ª Vara Criminal de São Gonçalo";66;"Sao Goncalo";"2016";239;231;8;218;13;178;23;9;8;96,7;3,3;94,4;5,6;81,7;10,6;4,1;3,7
101406;"1ª PJ junto a 4ª Vara Criminal de São Gonçalo";66;"Sao Goncalo";"2016";12;7;5;7;0;3;3;0;1;58,3;41,7;100;0;42,9;42,9;0;14,3
101407;"2ª PJ junto a 4ª Vara Criminal de São Gonçalo";66;"Sao Goncalo";"2016";12;9;3;8;1;6;2;0;0;75;25;88,9;11,1;75;25;0;0
101404;"PJ junto a 5ª Vara Criminal de São Gonçalo";66;"Sao Goncalo";"2016";451;438;13;433;5;318;61;46;8;97,1;2,9;98,9;1,1;73,4;14,1;10,6;1,8
101189;"PJ junto a 1ª Vara Criminal de Duque de Caxias";22;"Duque de Caxias";"2016";326;320;6;306;14;228;28;39;11;98,2;1,8;95,6;4,4;74,5;9,2;12,7;3,6
101190;"PJ junto a 2ª Vara Criminal de Duque de Caxias";22;"Duque de Caxias";"2016";343;335;8;326;9;272;14;34;6;97,7;2,3;97,3;2,7;83,4;4,3;10,4;1,8
101191;"PJ junto a 3ª Vara Criminal de Duque de Caxias";22;"Duque de Caxias";"2016";330;315;15;285;30;171;45;64;5;95,5;4,5;90,5;9,5;60;15,8;22,5;1,8
101192;"1ª PJ junto a 4ª Vara Criminal de Duque de Caxias";22;"Duque de Caxias";"2016";9;6;3;5;1;3;0;2;0;66,7;33,3;83,3;16,7;60;0;40;0
101193;"2ª PJ junto a 4ª Vara Criminal de Duque de Caxias";22;"Duque de Caxias";"2016";9;2;7;2;0;2;0;0;0;22,2;77,8;100;0;100;0;0;0
200201;"PJ junto a 1ª Vara Criminal de Nova Iguaçu";46;"Nova Iguacu";"2016";396;377;19;341;36;277;21;41;2;95,2;4,8;90,5;9,5;81,2;6,2;12;0,6
101315;"PJ junto a 2ª Vara Criminal de Nova Iguaçu";46;"Nova Iguacu";"2016";415;386;29;367;19;278;39;48;2;93;7;95,1;4,9;75,7;10,6;13,1;0,5
101317;"1ª PJ junto a 4ª Vara Criminal de Nova Iguaçu";46;"Nova Iguacu";"2016";8;8;0;7;1;5;1;1;0;100;0;87,5;12,5;71,4;14,3;14,3;0
101318;"2ª PJ junto a 4ª Vara Criminal de Nova Iguaçu";46;"Nova Iguacu";"2016";7;7;0;6;1;2;4;0;0;100;0;85,7;14,3;33,3;66,7;0;0
101322;"PJ junto a 7ª Vara Criminal de Nova Iguaçu";46;"Nova Iguacu";"2016";257;251;6;209;42;142;35;29;3;97,7;2,3;83,3;16,7;67,9;16,7;13,9;1,4
101419;"1ª PJ junto a 1ª Vara Criminal de São João de Meriti";68;"Sao Joao de Meriti";"2016";151;149;2;134;15;119;3;12;0;98,7;1,3;89,9;10,1;88,8;2,2;9;0
921029;"2ª PJ junto a 1ª Vara Criminal de São João de Meriti";68;"Sao Joao de Meriti";"2016";144;142;2;130;12;117;5;7;1;98,6;1,4;91,5;8,5;90;3,8;5,4;0,8
101421;"PJ junto a 2ª Vara Criminal de São João de Meriti";68;"Sao Joao de Meriti";"2016";318;312;6;300;12;257;11;27;5;98,1;1,9;96,2;3,8;85,7;3,7;9;1,7
200409;"1ª PJ junto as Varas Criminais de Belford Roxo";7;"Belford Roxo";"2016";216;204;12;177;27;157;11;9;0;94,4;5,6;86,8;13,2;88,7;6,2;5,1;0
200499;"2ª PJ junto as Varas Criminais de Belford Roxo";7;"Belford Roxo";"2016";179;176;3;163;13;90;43;28;2;98,3;1,7;92,6;7,4;55,2;26,4;17,2;1,2
101273;"PJ junto a 1ª Vara Criminal de Nilópolis";43;"Nilopolis";"2016";162;158;4;150;8;102;26;16;6;97,5;2,5;94,9;5,1;68;17,3;10,7;4
101345;"PJ junto a 1ª Vara Criminal de Petrópolis";51;"Petropolis";"2016";238;234;4;206;28;153;10;42;1;98,3;1,7;88;12;74,3;4,9;20,4;0,5
101346;"PJ junto a 2ª Vara Criminal de Petrópolis";51;"Petropolis";"2016";197;187;10;173;14;102;19;50;2;94,9;5,1;92,5;7,5;59;11;28,9;1,2
400759;"1ª PJ junto a 1ª Vara Criminal de Campos dos Goytacazes";13;"Campos dos Goytacazes";"2016";127;17;110;15;2;7;1;7;0;13,4;86,6;88,2;11,8;46,7;6,7;46,7;0
400732;"2ª PJ junto a 1ª Vara Criminal de Campos dos Goytacazes";13;"Campos dos Goytacazes";"2016";101;6;95;6;0;4;1;1;0;5,9;94,1;100;0;66,7;16,7;16,7;0
101145;"PJ junto a 2ª Vara Criminal de Campos dos Goytacazes";13;"Campos dos Goytacazes";"2016";433;25;408;21;4;10;1;10;0;5,8;94,2;84;16;47,6;4,8;47,6;0
14329590;"PJ junto a 3ª Vara Criminal de Campos dos Goytacazes";13;"Campos dos Goytacazes";"2016";406;18;388;15;3;9;2;2;2;4,4;95,6;83,3;16,7;60;13,3;13,3;13,3
