"codigo_pip";"nome_pip";"nucleo";"familia";"area_atuacao";"ano";"mes";"ano_mes";"vista";"novos";"denuncias";"arquivamentos";"baixas";"inst_pic";"acordo_npp_oferecido";"acordo_npp_firmado";"med_caut"
300977;"PIP - Volta Redonda";"Interior";"Interior";"Volta Redonda";2020;3;"2020-03";315;59;2;40;144;0;0;0;1
300977;"PIP - Volta Redonda";"Interior";"Interior";"Volta Redonda";2020;4;"2020-04";268;54;5;19;134;0;0;0;2
300977;"PIP - Volta Redonda";"Interior";"Interior";"Volta Redonda";2020;5;"2020-05";1651;283;7;15;1382;1;1;0;6
300977;"PIP - Volta Redonda";"Interior";"Interior";"Volta Redonda";2020;6;"2020-06";340;212;21;30;148;0;40;0;10
300977;"PIP - Volta Redonda";"Interior";"Interior";"Volta Redonda";2020;7;"2020-07";619;167;5;14;404;0;2;0;18
300977;"PIP - Volta Redonda";"Interior";"Interior";"Volta Redonda";2020;8;"2020-08";282;136;42;67;64;0;0;0;14
300977;"PIP - Volta Redonda";"Interior";"Interior";"Volta Redonda";2020;9;"2020-09";488;128;23;49;332;0;3;0;5
300977;"PIP - Volta Redonda";"Interior";"Interior";"Volta Redonda";2020;10;"2020-10";571;148;50;89;354;0;9;0;6
300977;"PIP - Volta Redonda";"Interior";"Interior";"Volta Redonda";2020;11;"2020-11";3104;246;41;63;2793;0;0;0;2
300977;"PIP - Volta Redonda";"Interior";"Interior";"Volta Redonda";2020;12;"2020-12";640;62;46;35;479;0;2;0;2
300977;"PIP - Volta Redonda";"Interior";"Interior";"Volta Redonda";2021;1;"2021-01";265;65;18;19;80;0;1;0;0
300987;"PIP - Nova Friburgo";"Interior";"Interior";"Nova Friburgo";2020;3;"2020-03";276;50;5;15;176;2;0;0;0
300987;"PIP - Nova Friburgo";"Interior";"Interior";"Nova Friburgo";2020;4;"2020-04";55;13;1;4;17;0;0;0;3
300987;"PIP - Nova Friburgo";"Interior";"Interior";"Nova Friburgo";2020;5;"2020-05";83;38;3;1;46;1;0;0;2
300987;"PIP - Nova Friburgo";"Interior";"Interior";"Nova Friburgo";2020;6;"2020-06";33;19;2;1;20;1;0;0;0
300987;"PIP - Nova Friburgo";"Interior";"Interior";"Nova Friburgo";2020;7;"2020-07";141;25;5;7;91;0;0;0;2
300987;"PIP - Nova Friburgo";"Interior";"Interior";"Nova Friburgo";2020;8;"2020-08";441;52;13;27;286;0;0;0;0
300987;"PIP - Nova Friburgo";"Interior";"Interior";"Nova Friburgo";2020;9;"2020-09";353;43;13;43;264;0;2;0;2
300987;"PIP - Nova Friburgo";"Interior";"Interior";"Nova Friburgo";2020;10;"2020-10";978;79;13;47;777;1;0;0;3
300987;"PIP - Nova Friburgo";"Interior";"Interior";"Nova Friburgo";2020;11;"2020-11";416;167;27;27;326;0;1;0;1
300987;"PIP - Nova Friburgo";"Interior";"Interior";"Nova Friburgo";2020;12;"2020-12";490;62;20;23;378;0;2;0;7
300987;"PIP - Nova Friburgo";"Interior";"Interior";"Nova Friburgo";2021;1;"2021-01";351;92;13;63;166;0;0;0;2
400731;"2ª PIP - Campos";"Interior";"Interior";"Campos";2020;3;"2020-03";773;39;23;5;645;0;0;0;1
400731;"2ª PIP - Campos";"Interior";"Interior";"Campos";2020;4;"2020-04";17;13;3;2;3;32;0;0;0
400731;"2ª PIP - Campos";"Interior";"Interior";"Campos";2020;5;"2020-05";49;30;8;1;10;1;0;0;0
400731;"2ª PIP - Campos";"Interior";"Interior";"Campos";2020;6;"2020-06";53;41;11;0;12;0;0;0;2
400731;"2ª PIP - Campos";"Interior";"Interior";"Campos";2020;7;"2020-07";260;116;11;15;95;0;0;0;3
400731;"2ª PIP - Campos";"Interior";"Interior";"Campos";2020;8;"2020-08";152;45;0;4;35;0;0;0;2
400731;"2ª PIP - Campos";"Interior";"Interior";"Campos";2020;9;"2020-09";1025;160;16;21;872;0;0;0;0
400731;"2ª PIP - Campos";"Interior";"Interior";"Campos";2020;10;"2020-10";714;187;24;11;602;2;0;0;0
400731;"2ª PIP - Campos";"Interior";"Interior";"Campos";2020;11;"2020-11";670;140;22;33;510;0;0;0;0
400731;"2ª PIP - Campos";"Interior";"Interior";"Campos";2020;12;"2020-12";497;93;26;21;379;0;0;0;1
400731;"2ª PIP - Campos";"Interior";"Interior";"Campos";2021;1;"2021-01";593;46;8;4;44;0;0;0;2
400736;"PIP - Petrópolis";"Interior";"Interior";"Petrópolis";2020;3;"2020-03";1800;359;67;48;1553;0;0;0;13
400736;"PIP - Petrópolis";"Interior";"Interior";"Petrópolis";2020;4;"2020-04";245;164;60;26;95;0;0;0;12
400736;"PIP - Petrópolis";"Interior";"Interior";"Petrópolis";2020;5;"2020-05";255;111;81;52;110;0;0;0;15
400736;"PIP - Petrópolis";"Interior";"Interior";"Petrópolis";2020;6;"2020-06";240;126;42;23;98;0;3;0;4
400736;"PIP - Petrópolis";"Interior";"Interior";"Petrópolis";2020;7;"2020-07";1200;225;77;43;973;0;2;0;22
400736;"PIP - Petrópolis";"Interior";"Interior";"Petrópolis";2020;8;"2020-08";757;220;88;51;409;0;3;0;18
400736;"PIP - Petrópolis";"Interior";"Interior";"Petrópolis";2020;9;"2020-09";528;125;97;56;306;0;0;0;9
400736;"PIP - Petrópolis";"Interior";"Interior";"Petrópolis";2020;10;"2020-10";740;197;75;133;473;0;1;0;12
400736;"PIP - Petrópolis";"Interior";"Interior";"Petrópolis";2020;11;"2020-11";1460;168;99;125;1204;0;1;0;12
400736;"PIP - Petrópolis";"Interior";"Interior";"Petrópolis";2020;12;"2020-12";286;106;40;17;43;0;2;0;11
400736;"PIP - Petrópolis";"Interior";"Interior";"Petrópolis";2021;1;"2021-01";704;188;53;33;331;0;5;0;18
400758;"1ª PIP - Campos";"Interior";"Interior";"Campos";2020;3;"2020-03";668;56;14;0;582;0;0;0;1
400758;"1ª PIP - Campos";"Interior";"Interior";"Campos";2020;4;"2020-04";21;17;27;1;0;0;0;0;2
400758;"1ª PIP - Campos";"Interior";"Interior";"Campos";2020;5;"2020-05";39;31;11;4;9;0;0;0;0
400758;"1ª PIP - Campos";"Interior";"Interior";"Campos";2020;6;"2020-06";50;28;21;1;7;0;0;0;2
400758;"1ª PIP - Campos";"Interior";"Interior";"Campos";2020;7;"2020-07";187;137;55;9;68;0;0;0;0
400758;"1ª PIP - Campos";"Interior";"Interior";"Campos";2020;8;"2020-08";89;47;49;20;2;0;0;0;3
400758;"1ª PIP - Campos";"Interior";"Interior";"Campos";2020;9;"2020-09";872;183;27;6;771;0;0;0;3
400758;"1ª PIP - Campos";"Interior";"Interior";"Campos";2020;10;"2020-10";824;259;19;0;728;1;0;0;1
400758;"1ª PIP - Campos";"Interior";"Interior";"Campos";2020;11;"2020-11";568;134;20;4;403;0;0;0;2
400758;"1ª PIP - Campos";"Interior";"Interior";"Campos";2020;12;"2020-12";358;85;26;27;288;0;0;0;0
400758;"1ª PIP - Campos";"Interior";"Interior";"Campos";2021;1;"2021-01";509;33;8;2;124;0;0;0;3
1249804;"PIP - Macaé";"Interior";"Interior";"Macaé";2020;3;"2020-03";678;81;67;85;382;0;0;0;3
1249804;"PIP - Macaé";"Interior";"Interior";"Macaé";2020;4;"2020-04";34;6;5;1;3;0;0;0;0
1249804;"PIP - Macaé";"Interior";"Interior";"Macaé";2020;5;"2020-05";94;37;13;1;14;0;0;0;3
1249804;"PIP - Macaé";"Interior";"Interior";"Macaé";2020;6;"2020-06";69;54;14;7;38;0;0;0;3
1249804;"PIP - Macaé";"Interior";"Interior";"Macaé";2020;7;"2020-07";1003;128;18;15;745;0;0;0;1
1249804;"PIP - Macaé";"Interior";"Interior";"Macaé";2020;8;"2020-08";1599;184;38;222;1291;0;1;0;1
1249804;"PIP - Macaé";"Interior";"Interior";"Macaé";2020;9;"2020-09";2732;116;19;296;2328;0;0;0;1
1249804;"PIP - Macaé";"Interior";"Interior";"Macaé";2020;10;"2020-10";2286;201;25;159;1708;0;0;0;1
1249804;"PIP - Macaé";"Interior";"Interior";"Macaé";2020;11;"2020-11";969;59;45;287;619;0;5;0;0
1249804;"PIP - Macaé";"Interior";"Interior";"Macaé";2020;12;"2020-12";336;83;23;233;115;0;1;0;0
1249804;"PIP - Macaé";"Interior";"Interior";"Macaé";2021;1;"2021-01";279;91;19;43;15;0;0;0;3
5679985;"PIP - Cabo Frio";"Interior";"Interior";"Cabo Frio";2020;3;"2020-03";605;262;15;7;503;1;0;0;14
5679985;"PIP - Cabo Frio";"Interior";"Interior";"Cabo Frio";2020;4;"2020-04";24;18;6;0;5;0;0;0;0
5679985;"PIP - Cabo Frio";"Interior";"Interior";"Cabo Frio";2020;5;"2020-05";13;15;4;1;4;0;0;0;2
5679985;"PIP - Cabo Frio";"Interior";"Interior";"Cabo Frio";2020;6;"2020-06";31;18;8;1;14;0;0;0;2
5679985;"PIP - Cabo Frio";"Interior";"Interior";"Cabo Frio";2020;7;"2020-07";58;68;15;2;20;1;0;0;8
5679985;"PIP - Cabo Frio";"Interior";"Interior";"Cabo Frio";2020;8;"2020-08";388;114;21;14;224;0;3;0;16
5679985;"PIP - Cabo Frio";"Interior";"Interior";"Cabo Frio";2020;9;"2020-09";312;128;16;22;264;0;2;0;4
5679985;"PIP - Cabo Frio";"Interior";"Interior";"Cabo Frio";2020;10;"2020-10";162;24;14;20;92;4;0;0;2
5679985;"PIP - Cabo Frio";"Interior";"Interior";"Cabo Frio";2020;11;"2020-11";63;40;16;15;7;0;0;0;0
5679985;"PIP - Cabo Frio";"Interior";"Interior";"Cabo Frio";2020;12;"2020-12";209;35;23;18;71;1;0;0;6
5679985;"PIP - Cabo Frio";"Interior";"Interior";"Cabo Frio";2021;1;"2021-01";276;41;9;16;29;0;0;0;4
6115386;"PIP - Barra Mansa";"Interior";"Interior";"Barra Mansa";2020;3;"2020-03";498;69;13;13;415;1;2;0;6
6115386;"PIP - Barra Mansa";"Interior";"Interior";"Barra Mansa";2020;4;"2020-04";51;35;6;3;16;0;1;0;3
6115386;"PIP - Barra Mansa";"Interior";"Interior";"Barra Mansa";2020;5;"2020-05";63;36;13;2;13;0;1;0;14
6115386;"PIP - Barra Mansa";"Interior";"Interior";"Barra Mansa";2020;6;"2020-06";144;92;15;18;36;0;0;0;8
6115386;"PIP - Barra Mansa";"Interior";"Interior";"Barra Mansa";2020;7;"2020-07";181;183;28;39;65;0;1;0;10
6115386;"PIP - Barra Mansa";"Interior";"Interior";"Barra Mansa";2020;8;"2020-08";903;140;29;26;745;0;2;0;16
6115386;"PIP - Barra Mansa";"Interior";"Interior";"Barra Mansa";2020;9;"2020-09";649;93;24;46;463;0;1;0;14
6115386;"PIP - Barra Mansa";"Interior";"Interior";"Barra Mansa";2020;10;"2020-10";731;133;21;34;571;0;1;0;6
6115386;"PIP - Barra Mansa";"Interior";"Interior";"Barra Mansa";2020;11;"2020-11";641;220;36;31;352;0;1;0;6
6115386;"PIP - Barra Mansa";"Interior";"Interior";"Barra Mansa";2020;12;"2020-12";106;36;34;13;26;0;0;0;6
6115386;"PIP - Barra Mansa";"Interior";"Interior";"Barra Mansa";2021;1;"2021-01";463;81;15;4;356;0;0;0;0
7419262;"PIP - Itaboraí";"Interior";"Interior";"Itaboraí";2020;3;"2020-03";170;59;17;35;105;0;0;0;0
7419262;"PIP - Itaboraí";"Interior";"Interior";"Itaboraí";2020;4;"2020-04";52;26;21;10;18;0;0;0;0
7419262;"PIP - Itaboraí";"Interior";"Interior";"Itaboraí";2020;5;"2020-05";41;18;6;3;12;0;0;0;7
7419262;"PIP - Itaboraí";"Interior";"Interior";"Itaboraí";2020;6;"2020-06";48;22;10;12;14;0;0;0;1
7419262;"PIP - Itaboraí";"Interior";"Interior";"Itaboraí";2020;7;"2020-07";797;33;15;149;631;0;0;0;4
7419262;"PIP - Itaboraí";"Interior";"Interior";"Itaboraí";2020;8;"2020-08";1825;63;26;168;1598;1;0;0;1
7419262;"PIP - Itaboraí";"Interior";"Interior";"Itaboraí";2020;9;"2020-09";648;29;14;86;404;0;5;0;4
7419262;"PIP - Itaboraí";"Interior";"Interior";"Itaboraí";2020;10;"2020-10";481;45;27;43;292;0;6;0;1
7419262;"PIP - Itaboraí";"Interior";"Interior";"Itaboraí";2020;11;"2020-11";135;21;25;137;40;0;1;1;1
7419262;"PIP - Itaboraí";"Interior";"Interior";"Itaboraí";2020;12;"2020-12";154;28;19;20;97;0;2;2;1
7419262;"PIP - Itaboraí";"Interior";"Interior";"Itaboraí";2021;1;"2021-01";317;25;10;36;32;1;0;0;0
7419344;"PIP - Itaguaí";"Interior";"Interior";"Itaguaí";2020;3;"2020-03";237;22;12;34;136;0;0;0;0
7419344;"PIP - Itaguaí";"Interior";"Interior";"Itaguaí";2020;4;"2020-04";6;19;1;0;0;0;0;0;0
7419344;"PIP - Itaguaí";"Interior";"Interior";"Itaguaí";2020;5;"2020-05";1;47;0;0;0;0;0;0;0
7419344;"PIP - Itaguaí";"Interior";"Interior";"Itaguaí";2020;6;"2020-06";0;7;3;0;0;0;0;0;0
7419344;"PIP - Itaguaí";"Interior";"Interior";"Itaguaí";2020;7;"2020-07";610;173;34;69;474;0;0;0;2
7419344;"PIP - Itaguaí";"Interior";"Interior";"Itaguaí";2020;8;"2020-08";360;246;90;57;218;0;0;0;1
7419344;"PIP - Itaguaí";"Interior";"Interior";"Itaguaí";2020;9;"2020-09";199;23;20;49;126;1;0;0;0
7419344;"PIP - Itaguaí";"Interior";"Interior";"Itaguaí";2020;10;"2020-10";100;43;26;22;50;0;0;0;0
7419344;"PIP - Itaguaí";"Interior";"Interior";"Itaguaí";2020;11;"2020-11";169;69;5;14;143;0;0;0;0
7419344;"PIP - Itaguaí";"Interior";"Interior";"Itaguaí";2020;12;"2020-12";317;18;27;69;180;0;0;0;0
7419344;"PIP - Itaguaí";"Interior";"Interior";"Itaguaí";2021;1;"2021-01";152;26;10;34;83;0;0;0;1
29926583;"1ª PIP - Botafogo/Copacabana";"Rio de Janeiro";"Territorial";"Botafogo/Copacabana";2020;3;"2020-03";33;16;5;0;2;0;0;0;0
29926583;"1ª PIP - Botafogo/Copacabana";"Rio de Janeiro";"Territorial";"Botafogo/Copacabana";2020;4;"2020-04";10;7;8;0;0;0;0;0;0
29926583;"1ª PIP - Botafogo/Copacabana";"Rio de Janeiro";"Territorial";"Botafogo/Copacabana";2020;5;"2020-05";5;2;0;0;0;0;0;0;2
29926583;"1ª PIP - Botafogo/Copacabana";"Rio de Janeiro";"Territorial";"Botafogo/Copacabana";2020;6;"2020-06";23;8;8;0;0;0;0;0;0
29926583;"1ª PIP - Botafogo/Copacabana";"Rio de Janeiro";"Territorial";"Botafogo/Copacabana";2020;7;"2020-07";823;95;16;0;549;0;0;0;4
29926583;"1ª PIP - Botafogo/Copacabana";"Rio de Janeiro";"Territorial";"Botafogo/Copacabana";2020;8;"2020-08";544;162;23;34;288;0;1;0;4
29926583;"1ª PIP - Botafogo/Copacabana";"Rio de Janeiro";"Territorial";"Botafogo/Copacabana";2020;9;"2020-09";422;147;19;72;262;0;3;0;5
29926583;"1ª PIP - Botafogo/Copacabana";"Rio de Janeiro";"Territorial";"Botafogo/Copacabana";2020;10;"2020-10";992;146;12;42;746;0;0;0;2
29926583;"1ª PIP - Botafogo/Copacabana";"Rio de Janeiro";"Territorial";"Botafogo/Copacabana";2020;11;"2020-11";761;202;11;28;524;0;0;1;6
29926583;"1ª PIP - Botafogo/Copacabana";"Rio de Janeiro";"Territorial";"Botafogo/Copacabana";2020;12;"2020-12";1602;129;30;36;654;0;1;0;2
29926583;"1ª PIP - Botafogo/Copacabana";"Rio de Janeiro";"Territorial";"Botafogo/Copacabana";2021;1;"2021-01";1135;106;21;225;506;0;3;0;3
29926616;"2ª PIP - Botafogo/Copacabana";"Rio de Janeiro";"Territorial";"Botafogo/Copacabana";2020;3;"2020-03";1163;15;9;9;1090;0;0;0;0
29926616;"2ª PIP - Botafogo/Copacabana";"Rio de Janeiro";"Territorial";"Botafogo/Copacabana";2020;4;"2020-04";7;7;5;0;0;0;0;0;0
29926616;"2ª PIP - Botafogo/Copacabana";"Rio de Janeiro";"Territorial";"Botafogo/Copacabana";2020;5;"2020-05";5;1;2;0;1;0;0;0;0
29926616;"2ª PIP - Botafogo/Copacabana";"Rio de Janeiro";"Territorial";"Botafogo/Copacabana";2020;6;"2020-06";16;9;4;1;2;0;0;0;1
29926616;"2ª PIP - Botafogo/Copacabana";"Rio de Janeiro";"Territorial";"Botafogo/Copacabana";2020;7;"2020-07";108;91;10;9;77;0;0;0;8
29926616;"2ª PIP - Botafogo/Copacabana";"Rio de Janeiro";"Territorial";"Botafogo/Copacabana";2020;8;"2020-08";1432;168;22;24;1284;0;0;0;7
29926616;"2ª PIP - Botafogo/Copacabana";"Rio de Janeiro";"Territorial";"Botafogo/Copacabana";2020;9;"2020-09";1723;136;25;41;1468;0;0;0;4
29926616;"2ª PIP - Botafogo/Copacabana";"Rio de Janeiro";"Territorial";"Botafogo/Copacabana";2020;10;"2020-10";1130;154;13;53;965;0;1;1;11
29926616;"2ª PIP - Botafogo/Copacabana";"Rio de Janeiro";"Territorial";"Botafogo/Copacabana";2020;11;"2020-11";1045;205;25;135;867;0;1;1;7
29926616;"2ª PIP - Botafogo/Copacabana";"Rio de Janeiro";"Territorial";"Botafogo/Copacabana";2020;12;"2020-12";440;142;15;23;332;0;0;0;1
29926616;"2ª PIP - Botafogo/Copacabana";"Rio de Janeiro";"Territorial";"Botafogo/Copacabana";2021;1;"2021-01";680;100;1;12;436;0;0;0;0
29926805;"1ª PIP - Centro/Zona Portuária";"Rio de Janeiro";"Territorial";"Centro/Zona Portuária";2020;3;"2020-03";520;8;7;5;497;0;0;0;1
29926805;"1ª PIP - Centro/Zona Portuária";"Rio de Janeiro";"Territorial";"Centro/Zona Portuária";2020;4;"2020-04";6;6;0;0;5;0;0;0;0
29926805;"1ª PIP - Centro/Zona Portuária";"Rio de Janeiro";"Territorial";"Centro/Zona Portuária";2020;5;"2020-05";11;11;6;0;5;0;0;0;0
29926805;"1ª PIP - Centro/Zona Portuária";"Rio de Janeiro";"Territorial";"Centro/Zona Portuária";2020;6;"2020-06";5;1;0;0;0;0;0;0;4
29926805;"1ª PIP - Centro/Zona Portuária";"Rio de Janeiro";"Territorial";"Centro/Zona Portuária";2020;7;"2020-07";567;106;4;2;510;0;0;0;1
29926805;"1ª PIP - Centro/Zona Portuária";"Rio de Janeiro";"Territorial";"Centro/Zona Portuária";2020;8;"2020-08";1762;164;21;6;1686;0;0;0;6
29926805;"1ª PIP - Centro/Zona Portuária";"Rio de Janeiro";"Territorial";"Centro/Zona Portuária";2020;9;"2020-09";1107;89;11;8;1002;0;0;0;1
29926805;"1ª PIP - Centro/Zona Portuária";"Rio de Janeiro";"Territorial";"Centro/Zona Portuária";2020;10;"2020-10";968;108;17;51;926;0;0;0;0
29926805;"1ª PIP - Centro/Zona Portuária";"Rio de Janeiro";"Territorial";"Centro/Zona Portuária";2020;11;"2020-11";2423;108;5;23;2298;0;0;0;3
29926805;"1ª PIP - Centro/Zona Portuária";"Rio de Janeiro";"Territorial";"Centro/Zona Portuária";2020;12;"2020-12";587;282;4;15;531;1;0;0;1
29926805;"1ª PIP - Centro/Zona Portuária";"Rio de Janeiro";"Territorial";"Centro/Zona Portuária";2021;1;"2021-01";903;343;1;30;738;0;0;0;3
29927047;"2ª PIP - Centro/Zona Portuária";"Rio de Janeiro";"Territorial";"Centro/Zona Portuária";2020;3;"2020-03";968;12;10;182;613;0;0;0;0
29927047;"2ª PIP - Centro/Zona Portuária";"Rio de Janeiro";"Territorial";"Centro/Zona Portuária";2020;4;"2020-04";6;6;6;0;0;0;0;0;0
29927047;"2ª PIP - Centro/Zona Portuária";"Rio de Janeiro";"Territorial";"Centro/Zona Portuária";2020;5;"2020-05";5;12;4;0;0;0;0;0;0
29927047;"2ª PIP - Centro/Zona Portuária";"Rio de Janeiro";"Territorial";"Centro/Zona Portuária";2020;6;"2020-06";4;2;2;0;2;0;0;0;0
29927047;"2ª PIP - Centro/Zona Portuária";"Rio de Janeiro";"Territorial";"Centro/Zona Portuária";2020;7;"2020-07";1020;116;23;13;665;0;0;0;2
29927047;"2ª PIP - Centro/Zona Portuária";"Rio de Janeiro";"Territorial";"Centro/Zona Portuária";2020;8;"2020-08";913;157;18;189;605;0;0;0;2
29927047;"2ª PIP - Centro/Zona Portuária";"Rio de Janeiro";"Territorial";"Centro/Zona Portuária";2020;9;"2020-09";860;102;23;212;568;0;0;0;2
29927047;"2ª PIP - Centro/Zona Portuária";"Rio de Janeiro";"Territorial";"Centro/Zona Portuária";2020;10;"2020-10";963;140;27;132;729;0;0;0;3
29927047;"2ª PIP - Centro/Zona Portuária";"Rio de Janeiro";"Territorial";"Centro/Zona Portuária";2020;11;"2020-11";602;118;12;74;368;0;0;0;1
29927047;"2ª PIP - Centro/Zona Portuária";"Rio de Janeiro";"Territorial";"Centro/Zona Portuária";2020;12;"2020-12";1508;145;7;140;861;0;0;0;0
29927047;"2ª PIP - Centro/Zona Portuária";"Rio de Janeiro";"Territorial";"Centro/Zona Portuária";2021;1;"2021-01";815;113;6;236;342;0;0;0;0
29933374;"3ª PIP - Centro/Zona Portuária";"Rio de Janeiro";"Territorial";"Centro/Zona Portuária";2020;3;"2020-03";195;13;11;2;155;0;0;0;3
29933374;"3ª PIP - Centro/Zona Portuária";"Rio de Janeiro";"Territorial";"Centro/Zona Portuária";2020;4;"2020-04";5;6;3;0;0;0;0;0;0
29933374;"3ª PIP - Centro/Zona Portuária";"Rio de Janeiro";"Territorial";"Centro/Zona Portuária";2020;5;"2020-05";13;11;5;0;7;0;0;0;1
29933374;"3ª PIP - Centro/Zona Portuária";"Rio de Janeiro";"Territorial";"Centro/Zona Portuária";2020;6;"2020-06";8;9;1;0;2;0;0;0;3
29933374;"3ª PIP - Centro/Zona Portuária";"Rio de Janeiro";"Territorial";"Centro/Zona Portuária";2020;7;"2020-07";174;104;7;9;130;0;0;0;3
29933374;"3ª PIP - Centro/Zona Portuária";"Rio de Janeiro";"Territorial";"Centro/Zona Portuária";2020;8;"2020-08";595;166;12;13;471;0;0;0;5
29933374;"3ª PIP - Centro/Zona Portuária";"Rio de Janeiro";"Territorial";"Centro/Zona Portuária";2020;9;"2020-09";298;82;14;36;246;0;0;0;5
29933374;"3ª PIP - Centro/Zona Portuária";"Rio de Janeiro";"Territorial";"Centro/Zona Portuária";2020;10;"2020-10";1581;154;9;8;1417;0;0;0;2
29933374;"3ª PIP - Centro/Zona Portuária";"Rio de Janeiro";"Territorial";"Centro/Zona Portuária";2020;11;"2020-11";1184;123;26;60;1062;0;0;0;4
29933374;"3ª PIP - Centro/Zona Portuária";"Rio de Janeiro";"Territorial";"Centro/Zona Portuária";2020;12;"2020-12";637;132;11;20;557;0;0;0;3
29933374;"3ª PIP - Centro/Zona Portuária";"Rio de Janeiro";"Territorial";"Centro/Zona Portuária";2021;1;"2021-01";259;109;2;18;44;0;0;0;1
29933418;"1ª PIP - Méier/Tijuca";"Rio de Janeiro";"Territorial";"Méier/Tijuca";2020;3;"2020-03";390;6;3;2;362;0;0;0;2
29933418;"1ª PIP - Méier/Tijuca";"Rio de Janeiro";"Territorial";"Méier/Tijuca";2020;4;"2020-04";20;10;9;0;0;0;0;0;0
29933418;"1ª PIP - Méier/Tijuca";"Rio de Janeiro";"Territorial";"Méier/Tijuca";2020;5;"2020-05";16;7;6;0;4;0;0;0;0
29933418;"1ª PIP - Méier/Tijuca";"Rio de Janeiro";"Territorial";"Méier/Tijuca";2020;6;"2020-06";9;5;3;0;0;0;0;0;3
29933418;"1ª PIP - Méier/Tijuca";"Rio de Janeiro";"Territorial";"Méier/Tijuca";2020;7;"2020-07";200;55;10;10;153;0;0;0;8
29933418;"1ª PIP - Méier/Tijuca";"Rio de Janeiro";"Territorial";"Méier/Tijuca";2020;8;"2020-08";407;130;20;12;285;0;0;0;8
29933418;"1ª PIP - Méier/Tijuca";"Rio de Janeiro";"Territorial";"Méier/Tijuca";2020;9;"2020-09";941;73;26;80;734;0;0;0;4
29933418;"1ª PIP - Méier/Tijuca";"Rio de Janeiro";"Territorial";"Méier/Tijuca";2020;10;"2020-10";220;120;15;48;175;0;0;0;3
29933418;"1ª PIP - Méier/Tijuca";"Rio de Janeiro";"Territorial";"Méier/Tijuca";2020;11;"2020-11";260;54;13;10;112;0;25;0;4
29933418;"1ª PIP - Méier/Tijuca";"Rio de Janeiro";"Territorial";"Méier/Tijuca";2020;12;"2020-12";209;42;13;8;138;0;4;0;5
29933418;"1ª PIP - Méier/Tijuca";"Rio de Janeiro";"Territorial";"Méier/Tijuca";2021;1;"2021-01";106;40;11;2;35;0;0;0;0
29933469;"2ª PIP - Méier/Tijuca";"Rio de Janeiro";"Territorial";"Méier/Tijuca";2020;3;"2020-03";46;10;3;3;23;0;0;0;2
29933469;"2ª PIP - Méier/Tijuca";"Rio de Janeiro";"Territorial";"Méier/Tijuca";2020;4;"2020-04";15;7;7;0;1;0;0;0;0
29933469;"2ª PIP - Méier/Tijuca";"Rio de Janeiro";"Territorial";"Méier/Tijuca";2020;5;"2020-05";25;11;10;0;2;0;0;0;0
29933469;"2ª PIP - Méier/Tijuca";"Rio de Janeiro";"Territorial";"Méier/Tijuca";2020;6;"2020-06";7;8;1;0;2;0;0;0;0
29933469;"2ª PIP - Méier/Tijuca";"Rio de Janeiro";"Territorial";"Méier/Tijuca";2020;7;"2020-07";1277;55;14;5;1169;0;0;0;2
29933469;"2ª PIP - Méier/Tijuca";"Rio de Janeiro";"Territorial";"Méier/Tijuca";2020;8;"2020-08";1151;122;19;34;982;0;0;0;1
29933469;"2ª PIP - Méier/Tijuca";"Rio de Janeiro";"Territorial";"Méier/Tijuca";2020;9;"2020-09";750;80;16;22;622;0;0;0;2
29933469;"2ª PIP - Méier/Tijuca";"Rio de Janeiro";"Territorial";"Méier/Tijuca";2020;10;"2020-10";899;108;13;1;785;0;0;0;1
29933469;"2ª PIP - Méier/Tijuca";"Rio de Janeiro";"Territorial";"Méier/Tijuca";2020;11;"2020-11";291;55;15;89;223;0;0;0;4
29933469;"2ª PIP - Méier/Tijuca";"Rio de Janeiro";"Territorial";"Méier/Tijuca";2020;12;"2020-12";977;46;6;37;867;0;0;0;1
29933469;"2ª PIP - Méier/Tijuca";"Rio de Janeiro";"Territorial";"Méier/Tijuca";2021;1;"2021-01";331;30;6;7;30;0;0;0;0
29933470;"3ª PIP - Méier/Tijuca";"Rio de Janeiro";"Territorial";"Méier/Tijuca";2020;3;"2020-03";161;6;2;3;108;0;0;0;1
29933470;"3ª PIP - Méier/Tijuca";"Rio de Janeiro";"Territorial";"Méier/Tijuca";2020;4;"2020-04";18;7;8;0;0;0;0;0;0
29933470;"3ª PIP - Méier/Tijuca";"Rio de Janeiro";"Territorial";"Méier/Tijuca";2020;5;"2020-05";18;10;7;0;4;0;0;0;0
29933470;"3ª PIP - Méier/Tijuca";"Rio de Janeiro";"Territorial";"Méier/Tijuca";2020;6;"2020-06";13;5;4;0;2;0;0;0;1
29933470;"3ª PIP - Méier/Tijuca";"Rio de Janeiro";"Territorial";"Méier/Tijuca";2020;7;"2020-07";522;61;30;49;416;0;0;0;2
29933470;"3ª PIP - Méier/Tijuca";"Rio de Janeiro";"Territorial";"Méier/Tijuca";2020;8;"2020-08";848;125;38;43;622;0;0;0;0
29933470;"3ª PIP - Méier/Tijuca";"Rio de Janeiro";"Territorial";"Méier/Tijuca";2020;9;"2020-09";841;78;46;56;619;0;7;0;0
29933470;"3ª PIP - Méier/Tijuca";"Rio de Janeiro";"Territorial";"Méier/Tijuca";2020;10;"2020-10";577;109;63;72;406;1;26;0;2
29933470;"3ª PIP - Méier/Tijuca";"Rio de Janeiro";"Territorial";"Méier/Tijuca";2020;11;"2020-11";1205;48;15;82;1040;0;4;0;0
29933470;"3ª PIP - Méier/Tijuca";"Rio de Janeiro";"Territorial";"Méier/Tijuca";2020;12;"2020-12";309;43;34;14;217;0;4;0;2
29933470;"3ª PIP - Méier/Tijuca";"Rio de Janeiro";"Territorial";"Méier/Tijuca";2021;1;"2021-01";287;34;25;21;128;0;14;0;0
29933490;"4ª PIP - Méier/Tijuca";"Rio de Janeiro";"Territorial";"Méier/Tijuca";2020;3;"2020-03";637;7;19;19;581;0;0;0;1
29933490;"4ª PIP - Méier/Tijuca";"Rio de Janeiro";"Territorial";"Méier/Tijuca";2020;4;"2020-04";21;10;10;0;0;0;0;0;1
29933490;"4ª PIP - Méier/Tijuca";"Rio de Janeiro";"Territorial";"Méier/Tijuca";2020;5;"2020-05";25;9;10;0;0;0;0;0;3
29933490;"4ª PIP - Méier/Tijuca";"Rio de Janeiro";"Territorial";"Méier/Tijuca";2020;6;"2020-06";13;9;4;0;1;0;0;0;0
29933490;"4ª PIP - Méier/Tijuca";"Rio de Janeiro";"Territorial";"Méier/Tijuca";2020;7;"2020-07";331;52;18;2;259;0;0;0;1
29933490;"4ª PIP - Méier/Tijuca";"Rio de Janeiro";"Territorial";"Méier/Tijuca";2020;8;"2020-08";554;128;15;1;348;0;0;0;1
29933490;"4ª PIP - Méier/Tijuca";"Rio de Janeiro";"Territorial";"Méier/Tijuca";2020;9;"2020-09";628;76;35;33;493;0;0;0;0
29933490;"4ª PIP - Méier/Tijuca";"Rio de Janeiro";"Territorial";"Méier/Tijuca";2020;10;"2020-10";1442;114;40;148;1095;0;0;0;4
29933490;"4ª PIP - Méier/Tijuca";"Rio de Janeiro";"Territorial";"Méier/Tijuca";2020;11;"2020-11";762;58;26;154;556;0;0;0;3
29933490;"4ª PIP - Méier/Tijuca";"Rio de Janeiro";"Territorial";"Méier/Tijuca";2020;12;"2020-12";380;49;41;107;261;0;0;2;0
29933490;"4ª PIP - Méier/Tijuca";"Rio de Janeiro";"Territorial";"Méier/Tijuca";2021;1;"2021-01";569;34;27;41;238;0;0;0;8
29933502;"1ª PIP - Ilha/Bonsucesso";"Rio de Janeiro";"Territorial";"Ilha/Bonsucesso";2020;3;"2020-03";204;42;1;0;169;0;0;0;2
29933502;"1ª PIP - Ilha/Bonsucesso";"Rio de Janeiro";"Territorial";"Ilha/Bonsucesso";2020;4;"2020-04";5;2;0;0;2;0;0;0;2
29933502;"1ª PIP - Ilha/Bonsucesso";"Rio de Janeiro";"Territorial";"Ilha/Bonsucesso";2020;5;"2020-05";13;6;3;0;4;0;0;0;4
29933502;"1ª PIP - Ilha/Bonsucesso";"Rio de Janeiro";"Territorial";"Ilha/Bonsucesso";2020;6;"2020-06";13;6;3;1;0;0;0;0;1
29933502;"1ª PIP - Ilha/Bonsucesso";"Rio de Janeiro";"Territorial";"Ilha/Bonsucesso";2020;7;"2020-07";678;120;6;8;586;0;0;0;4
29933502;"1ª PIP - Ilha/Bonsucesso";"Rio de Janeiro";"Territorial";"Ilha/Bonsucesso";2020;8;"2020-08";2464;225;23;70;1978;0;0;0;4
29933502;"1ª PIP - Ilha/Bonsucesso";"Rio de Janeiro";"Territorial";"Ilha/Bonsucesso";2020;9;"2020-09";313;152;92;171;141;0;0;0;5
29933502;"1ª PIP - Ilha/Bonsucesso";"Rio de Janeiro";"Territorial";"Ilha/Bonsucesso";2020;10;"2020-10";233;76;46;47;59;0;0;0;10
29933502;"1ª PIP - Ilha/Bonsucesso";"Rio de Janeiro";"Territorial";"Ilha/Bonsucesso";2020;11;"2020-11";468;74;17;32;251;0;0;0;3
29933502;"1ª PIP - Ilha/Bonsucesso";"Rio de Janeiro";"Territorial";"Ilha/Bonsucesso";2020;12;"2020-12";1319;76;29;74;954;0;2;0;1
29933502;"1ª PIP - Ilha/Bonsucesso";"Rio de Janeiro";"Territorial";"Ilha/Bonsucesso";2021;1;"2021-01";395;42;35;37;80;0;2;0;1
29933521;"2ª PIP - Ilha/Bonsucesso";"Rio de Janeiro";"Territorial";"Ilha/Bonsucesso";2020;3;"2020-03";224;27;13;23;173;0;3;0;5
29933521;"2ª PIP - Ilha/Bonsucesso";"Rio de Janeiro";"Territorial";"Ilha/Bonsucesso";2020;4;"2020-04";2;1;0;0;0;0;0;0;1
29933521;"2ª PIP - Ilha/Bonsucesso";"Rio de Janeiro";"Territorial";"Ilha/Bonsucesso";2020;5;"2020-05";6;2;1;0;0;0;0;0;3
29933521;"2ª PIP - Ilha/Bonsucesso";"Rio de Janeiro";"Territorial";"Ilha/Bonsucesso";2020;6;"2020-06";3;3;0;0;1;0;0;0;1
29933521;"2ª PIP - Ilha/Bonsucesso";"Rio de Janeiro";"Territorial";"Ilha/Bonsucesso";2020;7;"2020-07";1819;101;16;39;1652;0;6;0;2
29933521;"2ª PIP - Ilha/Bonsucesso";"Rio de Janeiro";"Territorial";"Ilha/Bonsucesso";2020;8;"2020-08";358;148;31;71;217;0;8;0;2
29933521;"2ª PIP - Ilha/Bonsucesso";"Rio de Janeiro";"Territorial";"Ilha/Bonsucesso";2020;9;"2020-09";911;92;60;54;742;0;12;0;3
29933521;"2ª PIP - Ilha/Bonsucesso";"Rio de Janeiro";"Territorial";"Ilha/Bonsucesso";2020;10;"2020-10";175;64;36;42;66;0;3;0;8
29933521;"2ª PIP - Ilha/Bonsucesso";"Rio de Janeiro";"Territorial";"Ilha/Bonsucesso";2020;11;"2020-11";254;52;9;35;174;0;3;1;1
29933521;"2ª PIP - Ilha/Bonsucesso";"Rio de Janeiro";"Territorial";"Ilha/Bonsucesso";2020;12;"2020-12";226;37;16;19;157;0;2;1;3
29933521;"2ª PIP - Ilha/Bonsucesso";"Rio de Janeiro";"Territorial";"Ilha/Bonsucesso";2021;1;"2021-01";87;25;8;10;43;0;1;0;4
29933590;"1ª PIP - Penha/Irajá";"Rio de Janeiro";"Territorial";"Penha/Irajá";2020;3;"2020-03";480;6;1;6;429;0;0;0;0
29933590;"1ª PIP - Penha/Irajá";"Rio de Janeiro";"Territorial";"Penha/Irajá";2020;4;"2020-04";6;8;0;0;0;0;0;0;5
29933590;"1ª PIP - Penha/Irajá";"Rio de Janeiro";"Territorial";"Penha/Irajá";2020;5;"2020-05";29;6;10;0;0;0;0;0;7
29933590;"1ª PIP - Penha/Irajá";"Rio de Janeiro";"Territorial";"Penha/Irajá";2020;6;"2020-06";18;14;7;0;10;0;0;0;0
29933590;"1ª PIP - Penha/Irajá";"Rio de Janeiro";"Territorial";"Penha/Irajá";2020;7;"2020-07";609;139;34;10;216;0;0;0;1
29933590;"1ª PIP - Penha/Irajá";"Rio de Janeiro";"Territorial";"Penha/Irajá";2020;8;"2020-08";900;112;41;117;578;0;6;0;2
29933590;"1ª PIP - Penha/Irajá";"Rio de Janeiro";"Territorial";"Penha/Irajá";2020;9;"2020-09";283;99;13;66;202;0;0;0;0
29933590;"1ª PIP - Penha/Irajá";"Rio de Janeiro";"Territorial";"Penha/Irajá";2020;10;"2020-10";604;125;30;12;430;0;1;0;2
29933590;"1ª PIP - Penha/Irajá";"Rio de Janeiro";"Territorial";"Penha/Irajá";2020;11;"2020-11";1183;68;37;15;1022;0;0;0;1
29933590;"1ª PIP - Penha/Irajá";"Rio de Janeiro";"Territorial";"Penha/Irajá";2020;12;"2020-12";40;88;7;0;11;0;1;0;1
29933590;"1ª PIP - Penha/Irajá";"Rio de Janeiro";"Territorial";"Penha/Irajá";2021;1;"2021-01";561;74;22;14;452;0;1;0;1
29933830;"2ª PIP - Penha/Irajá";"Rio de Janeiro";"Territorial";"Penha/Irajá";2020;3;"2020-03";79;10;7;0;52;0;0;0;0
29933830;"2ª PIP - Penha/Irajá";"Rio de Janeiro";"Territorial";"Penha/Irajá";2020;4;"2020-04";1;5;0;0;0;0;0;0;2
29933830;"2ª PIP - Penha/Irajá";"Rio de Janeiro";"Territorial";"Penha/Irajá";2020;5;"2020-05";9;6;8;0;0;0;0;0;1
29933830;"2ª PIP - Penha/Irajá";"Rio de Janeiro";"Territorial";"Penha/Irajá";2020;6;"2020-06";8;18;3;2;2;0;0;0;1
29933830;"2ª PIP - Penha/Irajá";"Rio de Janeiro";"Territorial";"Penha/Irajá";2020;7;"2020-07";482;120;17;0;397;0;0;0;1
29933830;"2ª PIP - Penha/Irajá";"Rio de Janeiro";"Territorial";"Penha/Irajá";2020;8;"2020-08";1138;108;17;2;850;0;0;0;1
29933830;"2ª PIP - Penha/Irajá";"Rio de Janeiro";"Territorial";"Penha/Irajá";2020;9;"2020-09";295;92;56;79;199;0;0;0;2
29933830;"2ª PIP - Penha/Irajá";"Rio de Janeiro";"Territorial";"Penha/Irajá";2020;10;"2020-10";1255;124;58;60;1011;0;3;0;2
29933830;"2ª PIP - Penha/Irajá";"Rio de Janeiro";"Territorial";"Penha/Irajá";2020;11;"2020-11";787;67;8;1;390;0;0;0;0
29933830;"2ª PIP - Penha/Irajá";"Rio de Janeiro";"Territorial";"Penha/Irajá";2020;12;"2020-12";223;100;14;17;36;0;0;0;1
29933830;"2ª PIP - Penha/Irajá";"Rio de Janeiro";"Territorial";"Penha/Irajá";2021;1;"2021-01";1797;96;29;31;100;0;0;0;0
29933850;"3ª PIP - Penha/Irajá";"Rio de Janeiro";"Territorial";"Penha/Irajá";2020;3;"2020-03";13;6;3;0;2;0;0;0;0
29933850;"3ª PIP - Penha/Irajá";"Rio de Janeiro";"Territorial";"Penha/Irajá";2020;4;"2020-04";11;9;2;0;0;0;0;0;4
29933850;"3ª PIP - Penha/Irajá";"Rio de Janeiro";"Territorial";"Penha/Irajá";2020;5;"2020-05";12;5;7;0;1;0;0;0;4
29933850;"3ª PIP - Penha/Irajá";"Rio de Janeiro";"Territorial";"Penha/Irajá";2020;6;"2020-06";14;19;4;0;7;0;0;0;0
29933850;"3ª PIP - Penha/Irajá";"Rio de Janeiro";"Territorial";"Penha/Irajá";2020;7;"2020-07";1318;129;22;0;1167;0;0;0;0
29933850;"3ª PIP - Penha/Irajá";"Rio de Janeiro";"Territorial";"Penha/Irajá";2020;8;"2020-08";642;108;19;101;506;0;0;0;0
29933850;"3ª PIP - Penha/Irajá";"Rio de Janeiro";"Territorial";"Penha/Irajá";2020;9;"2020-09";437;95;54;26;374;0;0;0;1
29933850;"3ª PIP - Penha/Irajá";"Rio de Janeiro";"Territorial";"Penha/Irajá";2020;10;"2020-10";588;126;58;33;470;0;0;0;0
29933850;"3ª PIP - Penha/Irajá";"Rio de Janeiro";"Territorial";"Penha/Irajá";2020;11;"2020-11";502;63;21;35;331;0;1;0;1
29933850;"3ª PIP - Penha/Irajá";"Rio de Janeiro";"Territorial";"Penha/Irajá";2020;12;"2020-12";583;77;38;37;476;0;2;0;1
29933850;"3ª PIP - Penha/Irajá";"Rio de Janeiro";"Territorial";"Penha/Irajá";2021;1;"2021-01";408;49;26;9;171;0;3;0;1
29933955;"1ª PIP - Madureira/Jacarepaguá";"Rio de Janeiro";"Territorial";"Madureira/Jacarepaguá";2020;3;"2020-03";38;13;10;5;13;0;0;0;1
29933955;"1ª PIP - Madureira/Jacarepaguá";"Rio de Janeiro";"Territorial";"Madureira/Jacarepaguá";2020;4;"2020-04";24;14;14;0;4;0;0;0;5
29933955;"1ª PIP - Madureira/Jacarepaguá";"Rio de Janeiro";"Territorial";"Madureira/Jacarepaguá";2020;5;"2020-05";11;10;4;0;3;0;0;0;2
29933955;"1ª PIP - Madureira/Jacarepaguá";"Rio de Janeiro";"Territorial";"Madureira/Jacarepaguá";2020;6;"2020-06";17;23;8;0;2;0;1;0;0
29933955;"1ª PIP - Madureira/Jacarepaguá";"Rio de Janeiro";"Territorial";"Madureira/Jacarepaguá";2020;7;"2020-07";1647;227;24;123;1227;0;2;0;2
29933955;"1ª PIP - Madureira/Jacarepaguá";"Rio de Janeiro";"Territorial";"Madureira/Jacarepaguá";2020;8;"2020-08";805;131;17;78;589;0;1;0;4
29933955;"1ª PIP - Madureira/Jacarepaguá";"Rio de Janeiro";"Territorial";"Madureira/Jacarepaguá";2020;9;"2020-09";2549;188;28;272;2251;0;1;0;2
29933955;"1ª PIP - Madureira/Jacarepaguá";"Rio de Janeiro";"Territorial";"Madureira/Jacarepaguá";2020;10;"2020-10";1495;124;45;98;1363;0;0;0;4
29933955;"1ª PIP - Madureira/Jacarepaguá";"Rio de Janeiro";"Territorial";"Madureira/Jacarepaguá";2020;11;"2020-11";1270;92;76;129;1064;0;0;0;2
29933955;"1ª PIP - Madureira/Jacarepaguá";"Rio de Janeiro";"Territorial";"Madureira/Jacarepaguá";2020;12;"2020-12";1657;130;43;150;1397;0;0;0;1
29933955;"1ª PIP - Madureira/Jacarepaguá";"Rio de Janeiro";"Territorial";"Madureira/Jacarepaguá";2021;1;"2021-01";1179;92;4;97;940;0;0;0;2
29933967;"2ª PIP - Madureira/Jacarepaguá";"Rio de Janeiro";"Territorial";"Madureira/Jacarepaguá";2020;3;"2020-03";62;22;21;0;9;0;0;0;1
29933967;"2ª PIP - Madureira/Jacarepaguá";"Rio de Janeiro";"Territorial";"Madureira/Jacarepaguá";2020;4;"2020-04";11;7;4;0;6;0;0;0;1
29933967;"2ª PIP - Madureira/Jacarepaguá";"Rio de Janeiro";"Territorial";"Madureira/Jacarepaguá";2020;5;"2020-05";16;10;11;0;3;0;0;0;0
29933967;"2ª PIP - Madureira/Jacarepaguá";"Rio de Janeiro";"Territorial";"Madureira/Jacarepaguá";2020;6;"2020-06";16;28;4;0;6;0;0;0;2
29933967;"2ª PIP - Madureira/Jacarepaguá";"Rio de Janeiro";"Territorial";"Madureira/Jacarepaguá";2020;7;"2020-07";1297;226;8;74;1049;0;0;0;0
29933967;"2ª PIP - Madureira/Jacarepaguá";"Rio de Janeiro";"Territorial";"Madureira/Jacarepaguá";2020;8;"2020-08";577;140;46;62;403;0;0;0;1
29933967;"2ª PIP - Madureira/Jacarepaguá";"Rio de Janeiro";"Territorial";"Madureira/Jacarepaguá";2020;9;"2020-09";2554;179;36;119;2130;0;0;0;2
29933967;"2ª PIP - Madureira/Jacarepaguá";"Rio de Janeiro";"Territorial";"Madureira/Jacarepaguá";2020;10;"2020-10";918;114;35;163;740;0;0;0;0
29933967;"2ª PIP - Madureira/Jacarepaguá";"Rio de Janeiro";"Territorial";"Madureira/Jacarepaguá";2020;11;"2020-11";2219;92;16;176;1017;0;0;0;0
29933967;"2ª PIP - Madureira/Jacarepaguá";"Rio de Janeiro";"Territorial";"Madureira/Jacarepaguá";2020;12;"2020-12";1637;130;7;86;1193;0;0;0;0
29933967;"2ª PIP - Madureira/Jacarepaguá";"Rio de Janeiro";"Territorial";"Madureira/Jacarepaguá";2021;1;"2021-01";312;93;17;62;141;0;0;0;0
29933988;"3ª PIP - Madureira/Jacarepaguá";"Rio de Janeiro";"Territorial";"Madureira/Jacarepaguá";2020;3;"2020-03";28;21;10;1;9;0;0;0;0
29933988;"3ª PIP - Madureira/Jacarepaguá";"Rio de Janeiro";"Territorial";"Madureira/Jacarepaguá";2020;4;"2020-04";24;13;7;0;5;0;0;0;1
29933988;"3ª PIP - Madureira/Jacarepaguá";"Rio de Janeiro";"Territorial";"Madureira/Jacarepaguá";2020;5;"2020-05";1;9;4;0;1;0;0;0;0
29933988;"3ª PIP - Madureira/Jacarepaguá";"Rio de Janeiro";"Territorial";"Madureira/Jacarepaguá";2020;6;"2020-06";10;20;3;0;1;0;0;0;0
29933988;"3ª PIP - Madureira/Jacarepaguá";"Rio de Janeiro";"Territorial";"Madureira/Jacarepaguá";2020;7;"2020-07";1284;233;8;0;1178;0;0;0;2
29933988;"3ª PIP - Madureira/Jacarepaguá";"Rio de Janeiro";"Territorial";"Madureira/Jacarepaguá";2020;8;"2020-08";1069;142;1;14;938;0;0;0;1
29933988;"3ª PIP - Madureira/Jacarepaguá";"Rio de Janeiro";"Territorial";"Madureira/Jacarepaguá";2020;9;"2020-09";1165;165;3;40;1017;0;0;0;1
29933988;"3ª PIP - Madureira/Jacarepaguá";"Rio de Janeiro";"Territorial";"Madureira/Jacarepaguá";2020;10;"2020-10";1944;123;14;12;1713;0;0;0;1
29933988;"3ª PIP - Madureira/Jacarepaguá";"Rio de Janeiro";"Territorial";"Madureira/Jacarepaguá";2020;11;"2020-11";964;77;15;52;831;0;0;0;2
29933988;"3ª PIP - Madureira/Jacarepaguá";"Rio de Janeiro";"Territorial";"Madureira/Jacarepaguá";2020;12;"2020-12";1506;129;1;20;498;0;0;0;0
29933988;"3ª PIP - Madureira/Jacarepaguá";"Rio de Janeiro";"Territorial";"Madureira/Jacarepaguá";2021;1;"2021-01";903;97;6;8;28;0;0;0;1
29934004;"1ª PIP - Bangu/Campo Grande";"Rio de Janeiro";"Territorial";"Bangu/Campo Grande";2020;3;"2020-03";10;10;0;0;3;0;0;0;1
29934004;"1ª PIP - Bangu/Campo Grande";"Rio de Janeiro";"Territorial";"Bangu/Campo Grande";2020;4;"2020-04";0;1;0;0;0;0;0;0;0
29934004;"1ª PIP - Bangu/Campo Grande";"Rio de Janeiro";"Territorial";"Bangu/Campo Grande";2020;5;"2020-05";0;2;0;0;0;0;0;0;0
29934004;"1ª PIP - Bangu/Campo Grande";"Rio de Janeiro";"Territorial";"Bangu/Campo Grande";2020;6;"2020-06";0;3;0;0;0;0;0;0;0
29934004;"1ª PIP - Bangu/Campo Grande";"Rio de Janeiro";"Territorial";"Bangu/Campo Grande";2020;7;"2020-07";469;150;0;1;346;0;0;0;1
29934004;"1ª PIP - Bangu/Campo Grande";"Rio de Janeiro";"Territorial";"Bangu/Campo Grande";2020;8;"2020-08";482;58;13;1;370;0;0;0;5
29934004;"1ª PIP - Bangu/Campo Grande";"Rio de Janeiro";"Territorial";"Bangu/Campo Grande";2020;9;"2020-09";415;60;9;43;284;0;0;0;2
29934004;"1ª PIP - Bangu/Campo Grande";"Rio de Janeiro";"Territorial";"Bangu/Campo Grande";2020;10;"2020-10";517;79;11;101;350;0;0;0;1
29934004;"1ª PIP - Bangu/Campo Grande";"Rio de Janeiro";"Territorial";"Bangu/Campo Grande";2020;11;"2020-11";361;86;7;6;272;0;0;0;1
29934004;"1ª PIP - Bangu/Campo Grande";"Rio de Janeiro";"Territorial";"Bangu/Campo Grande";2020;12;"2020-12";432;68;11;66;265;1;2;0;1
29934004;"1ª PIP - Bangu/Campo Grande";"Rio de Janeiro";"Territorial";"Bangu/Campo Grande";2021;1;"2021-01";626;122;1;3;446;1;0;0;1
29934012;"2ª PIP - Bangu/Campo Grande";"Rio de Janeiro";"Territorial";"Bangu/Campo Grande";2020;3;"2020-03";164;51;2;3;133;0;0;0;5
29934012;"2ª PIP - Bangu/Campo Grande";"Rio de Janeiro";"Territorial";"Bangu/Campo Grande";2020;4;"2020-04";9;3;2;0;0;0;0;0;8
29934012;"2ª PIP - Bangu/Campo Grande";"Rio de Janeiro";"Territorial";"Bangu/Campo Grande";2020;5;"2020-05";11;7;2;0;0;1;0;0;8
29934012;"2ª PIP - Bangu/Campo Grande";"Rio de Janeiro";"Territorial";"Bangu/Campo Grande";2020;6;"2020-06";23;10;6;0;5;0;0;0;10
29934012;"2ª PIP - Bangu/Campo Grande";"Rio de Janeiro";"Territorial";"Bangu/Campo Grande";2020;7;"2020-07";210;148;14;25;64;0;0;0;2
29934012;"2ª PIP - Bangu/Campo Grande";"Rio de Janeiro";"Territorial";"Bangu/Campo Grande";2020;8;"2020-08";998;63;32;85;731;0;0;0;10
29934012;"2ª PIP - Bangu/Campo Grande";"Rio de Janeiro";"Territorial";"Bangu/Campo Grande";2020;9;"2020-09";2228;84;13;239;1869;0;8;0;11
29934012;"2ª PIP - Bangu/Campo Grande";"Rio de Janeiro";"Territorial";"Bangu/Campo Grande";2020;10;"2020-10";817;120;55;156;588;0;2;0;6
29934012;"2ª PIP - Bangu/Campo Grande";"Rio de Janeiro";"Territorial";"Bangu/Campo Grande";2020;11;"2020-11";1625;116;35;186;1333;0;1;0;15
29934012;"2ª PIP - Bangu/Campo Grande";"Rio de Janeiro";"Territorial";"Bangu/Campo Grande";2020;12;"2020-12";682;75;12;98;570;0;1;0;5
29934012;"2ª PIP - Bangu/Campo Grande";"Rio de Janeiro";"Territorial";"Bangu/Campo Grande";2021;1;"2021-01";2166;122;18;191;1762;0;0;0;8
29934277;"3ª PIP - Bangu/Campo Grande";"Rio de Janeiro";"Territorial";"Bangu/Campo Grande";2020;3;"2020-03";28;12;0;1;15;0;0;0;1
29934277;"3ª PIP - Bangu/Campo Grande";"Rio de Janeiro";"Territorial";"Bangu/Campo Grande";2020;4;"2020-04";1;3;3;0;1;0;0;0;0
29934277;"3ª PIP - Bangu/Campo Grande";"Rio de Janeiro";"Territorial";"Bangu/Campo Grande";2020;5;"2020-05";28;3;2;3;10;0;0;0;0
29934277;"3ª PIP - Bangu/Campo Grande";"Rio de Janeiro";"Territorial";"Bangu/Campo Grande";2020;6;"2020-06";35;8;0;0;35;0;0;0;0
29934277;"3ª PIP - Bangu/Campo Grande";"Rio de Janeiro";"Territorial";"Bangu/Campo Grande";2020;7;"2020-07";426;130;3;2;226;0;0;0;0
29934277;"3ª PIP - Bangu/Campo Grande";"Rio de Janeiro";"Territorial";"Bangu/Campo Grande";2020;8;"2020-08";376;52;4;7;294;0;0;0;2
29934277;"3ª PIP - Bangu/Campo Grande";"Rio de Janeiro";"Territorial";"Bangu/Campo Grande";2020;9;"2020-09";448;59;0;134;231;0;0;0;0
29934277;"3ª PIP - Bangu/Campo Grande";"Rio de Janeiro";"Territorial";"Bangu/Campo Grande";2020;10;"2020-10";686;60;4;52;527;0;0;0;1
29934277;"3ª PIP - Bangu/Campo Grande";"Rio de Janeiro";"Territorial";"Bangu/Campo Grande";2020;11;"2020-11";549;79;6;24;425;0;1;0;3
29934277;"3ª PIP - Bangu/Campo Grande";"Rio de Janeiro";"Territorial";"Bangu/Campo Grande";2020;12;"2020-12";426;67;2;157;262;0;2;0;0
29934277;"3ª PIP - Bangu/Campo Grande";"Rio de Janeiro";"Territorial";"Bangu/Campo Grande";2021;1;"2021-01";192;107;9;44;16;0;0;0;1
29934303;"1ª PIP - Zona Sul/Barra";"Rio de Janeiro";"Territorial";"Zona Sul/Barra";2020;3;"2020-03";413;45;15;7;302;0;0;0;4
29934303;"1ª PIP - Zona Sul/Barra";"Rio de Janeiro";"Territorial";"Zona Sul/Barra";2020;4;"2020-04";12;8;4;0;0;0;0;0;2
29934303;"1ª PIP - Zona Sul/Barra";"Rio de Janeiro";"Territorial";"Zona Sul/Barra";2020;5;"2020-05";8;3;3;0;0;0;0;0;2
29934303;"1ª PIP - Zona Sul/Barra";"Rio de Janeiro";"Territorial";"Zona Sul/Barra";2020;6;"2020-06";9;22;10;12;2;0;0;0;1
29934303;"1ª PIP - Zona Sul/Barra";"Rio de Janeiro";"Territorial";"Zona Sul/Barra";2020;7;"2020-07";648;151;23;19;342;0;0;0;10
29934303;"1ª PIP - Zona Sul/Barra";"Rio de Janeiro";"Territorial";"Zona Sul/Barra";2020;8;"2020-08";637;120;29;213;260;0;0;0;2
29934303;"1ª PIP - Zona Sul/Barra";"Rio de Janeiro";"Territorial";"Zona Sul/Barra";2020;9;"2020-09";1355;114;48;366;855;0;11;0;3
29934303;"1ª PIP - Zona Sul/Barra";"Rio de Janeiro";"Territorial";"Zona Sul/Barra";2020;10;"2020-10";1130;162;46;364;662;0;0;0;4
29934303;"1ª PIP - Zona Sul/Barra";"Rio de Janeiro";"Territorial";"Zona Sul/Barra";2020;11;"2020-11";1203;81;36;259;682;0;0;1;2
29934303;"1ª PIP - Zona Sul/Barra";"Rio de Janeiro";"Territorial";"Zona Sul/Barra";2020;12;"2020-12";1491;116;26;126;742;0;1;3;5
29934303;"1ª PIP - Zona Sul/Barra";"Rio de Janeiro";"Territorial";"Zona Sul/Barra";2021;1;"2021-01";579;130;37;151;128;0;0;0;2
29934337;"2ª PIP - Zona Sul/Barra";"Rio de Janeiro";"Territorial";"Zona Sul/Barra";2020;3;"2020-03";452;48;14;18;346;0;0;0;11
29934337;"2ª PIP - Zona Sul/Barra";"Rio de Janeiro";"Territorial";"Zona Sul/Barra";2020;4;"2020-04";14;9;8;0;0;0;0;0;6
29934337;"2ª PIP - Zona Sul/Barra";"Rio de Janeiro";"Territorial";"Zona Sul/Barra";2020;5;"2020-05";5;4;2;0;0;0;0;0;2
29934337;"2ª PIP - Zona Sul/Barra";"Rio de Janeiro";"Territorial";"Zona Sul/Barra";2020;6;"2020-06";35;23;6;21;17;0;0;0;6
29934337;"2ª PIP - Zona Sul/Barra";"Rio de Janeiro";"Territorial";"Zona Sul/Barra";2020;7;"2020-07";388;147;38;2;238;0;0;0;7
29934337;"2ª PIP - Zona Sul/Barra";"Rio de Janeiro";"Territorial";"Zona Sul/Barra";2020;8;"2020-08";1137;110;34;44;842;0;5;0;11
29934337;"2ª PIP - Zona Sul/Barra";"Rio de Janeiro";"Territorial";"Zona Sul/Barra";2020;9;"2020-09";2661;114;27;151;2299;0;22;0;3
29934337;"2ª PIP - Zona Sul/Barra";"Rio de Janeiro";"Territorial";"Zona Sul/Barra";2020;10;"2020-10";1044;166;57;173;805;0;8;0;2
29934337;"2ª PIP - Zona Sul/Barra";"Rio de Janeiro";"Territorial";"Zona Sul/Barra";2020;11;"2020-11";839;84;37;60;643;0;8;0;2
29934337;"2ª PIP - Zona Sul/Barra";"Rio de Janeiro";"Territorial";"Zona Sul/Barra";2020;12;"2020-12";1124;112;40;130;823;0;2;1;11
29934337;"2ª PIP - Zona Sul/Barra";"Rio de Janeiro";"Territorial";"Zona Sul/Barra";2021;1;"2021-01";1149;134;41;139;521;0;3;0;2
29934363;"1ª PIP - Santa Cruz";"Rio de Janeiro";"Territorial";"Santa Cruz";2020;3;"2020-03";545;26;11;27;373;0;0;0;0
29934363;"1ª PIP - Santa Cruz";"Rio de Janeiro";"Territorial";"Santa Cruz";2020;4;"2020-04";1;1;0;0;0;0;0;0;0
29934363;"1ª PIP - Santa Cruz";"Rio de Janeiro";"Territorial";"Santa Cruz";2020;5;"2020-05";2;2;2;0;0;0;0;0;0
29934363;"1ª PIP - Santa Cruz";"Rio de Janeiro";"Territorial";"Santa Cruz";2020;6;"2020-06";3;3;9;0;0;0;0;0;0
29934363;"1ª PIP - Santa Cruz";"Rio de Janeiro";"Territorial";"Santa Cruz";2020;7;"2020-07";579;47;7;200;284;0;7;0;1
29934363;"1ª PIP - Santa Cruz";"Rio de Janeiro";"Territorial";"Santa Cruz";2020;8;"2020-08";741;72;31;198;267;0;6;0;1
29934363;"1ª PIP - Santa Cruz";"Rio de Janeiro";"Territorial";"Santa Cruz";2020;9;"2020-09";313;75;37;232;71;0;1;0;2
29934363;"1ª PIP - Santa Cruz";"Rio de Janeiro";"Territorial";"Santa Cruz";2020;10;"2020-10";337;136;17;44;164;0;5;0;1
29934363;"1ª PIP - Santa Cruz";"Rio de Janeiro";"Territorial";"Santa Cruz";2020;11;"2020-11";494;99;13;132;184;0;3;0;1
29934363;"1ª PIP - Santa Cruz";"Rio de Janeiro";"Territorial";"Santa Cruz";2020;12;"2020-12";407;50;13;154;206;0;2;2;1
29934363;"1ª PIP - Santa Cruz";"Rio de Janeiro";"Territorial";"Santa Cruz";2021;1;"2021-01";370;152;5;39;218;0;0;0;0
29934376;"2ª PIP - Santa Cruz";"Rio de Janeiro";"Territorial";"Santa Cruz";2020;3;"2020-03";1404;29;3;55;1303;0;0;0;3
29934376;"2ª PIP - Santa Cruz";"Rio de Janeiro";"Territorial";"Santa Cruz";2020;4;"2020-04";41;1;2;0;38;0;0;0;0
29934376;"2ª PIP - Santa Cruz";"Rio de Janeiro";"Territorial";"Santa Cruz";2020;5;"2020-05";2;1;1;0;0;0;0;0;0
29934376;"2ª PIP - Santa Cruz";"Rio de Janeiro";"Territorial";"Santa Cruz";2020;6;"2020-06";4;2;2;0;0;0;0;0;0
29934376;"2ª PIP - Santa Cruz";"Rio de Janeiro";"Territorial";"Santa Cruz";2020;7;"2020-07";900;30;3;42;705;0;0;0;0
29934376;"2ª PIP - Santa Cruz";"Rio de Janeiro";"Territorial";"Santa Cruz";2020;8;"2020-08";1049;39;14;132;783;0;0;0;0
29934376;"2ª PIP - Santa Cruz";"Rio de Janeiro";"Territorial";"Santa Cruz";2020;9;"2020-09";1524;58;16;156;1341;0;0;0;0
29934376;"2ª PIP - Santa Cruz";"Rio de Janeiro";"Territorial";"Santa Cruz";2020;10;"2020-10";1811;91;12;172;1517;0;0;0;0
29934376;"2ª PIP - Santa Cruz";"Rio de Janeiro";"Territorial";"Santa Cruz";2020;11;"2020-11";819;62;17;190;649;0;0;0;0
29934376;"2ª PIP - Santa Cruz";"Rio de Janeiro";"Territorial";"Santa Cruz";2020;12;"2020-12";2047;26;5;149;1643;0;0;0;3
29934376;"2ª PIP - Santa Cruz";"Rio de Janeiro";"Territorial";"Santa Cruz";2021;1;"2021-01";2076;105;17;169;1584;0;0;0;2
29934401;"1ª PIP - VD Oeste/Jacarepaguá";"Rio de Janeiro";"Violência contra mulher";"Área Oeste/Jacarepaguá";2020;3;"2020-03";687;172;1;11;469;0;0;0;1
29934401;"1ª PIP - VD Oeste/Jacarepaguá";"Rio de Janeiro";"Violência contra mulher";"Área Oeste/Jacarepaguá";2020;4;"2020-04";6;3;1;0;0;0;0;0;2
29934401;"1ª PIP - VD Oeste/Jacarepaguá";"Rio de Janeiro";"Violência contra mulher";"Área Oeste/Jacarepaguá";2020;5;"2020-05";0;8;1;0;0;0;0;0;0
29934401;"1ª PIP - VD Oeste/Jacarepaguá";"Rio de Janeiro";"Violência contra mulher";"Área Oeste/Jacarepaguá";2020;6;"2020-06";21;139;20;1;8;0;0;0;0
29934401;"1ª PIP - VD Oeste/Jacarepaguá";"Rio de Janeiro";"Violência contra mulher";"Área Oeste/Jacarepaguá";2020;7;"2020-07";240;533;2;0;124;0;0;0;1
29934401;"1ª PIP - VD Oeste/Jacarepaguá";"Rio de Janeiro";"Violência contra mulher";"Área Oeste/Jacarepaguá";2020;8;"2020-08";1985;447;34;222;1431;0;0;0;1
29934401;"1ª PIP - VD Oeste/Jacarepaguá";"Rio de Janeiro";"Violência contra mulher";"Área Oeste/Jacarepaguá";2020;9;"2020-09";1496;392;108;230;1204;0;0;0;1
29934401;"1ª PIP - VD Oeste/Jacarepaguá";"Rio de Janeiro";"Violência contra mulher";"Área Oeste/Jacarepaguá";2020;10;"2020-10";945;305;190;106;642;0;0;0;1
29934401;"1ª PIP - VD Oeste/Jacarepaguá";"Rio de Janeiro";"Violência contra mulher";"Área Oeste/Jacarepaguá";2020;11;"2020-11";1290;392;1;3;1123;0;0;0;0
29934401;"1ª PIP - VD Oeste/Jacarepaguá";"Rio de Janeiro";"Violência contra mulher";"Área Oeste/Jacarepaguá";2020;12;"2020-12";2558;451;91;36;2245;0;0;0;3
29934401;"1ª PIP - VD Oeste/Jacarepaguá";"Rio de Janeiro";"Violência contra mulher";"Área Oeste/Jacarepaguá";2021;1;"2021-01";1296;324;24;23;486;0;0;0;0
29934732;"2ª PIP - VD Oeste/Jacarepaguá";"Rio de Janeiro";"Violência contra mulher";"Área Oeste/Jacarepaguá";2020;3;"2020-03";183;181;18;25;87;0;0;0;3
29934732;"2ª PIP - VD Oeste/Jacarepaguá";"Rio de Janeiro";"Violência contra mulher";"Área Oeste/Jacarepaguá";2020;4;"2020-04";4;3;1;0;0;0;0;0;2
29934732;"2ª PIP - VD Oeste/Jacarepaguá";"Rio de Janeiro";"Violência contra mulher";"Área Oeste/Jacarepaguá";2020;5;"2020-05";7;5;1;0;4;0;0;0;0
29934732;"2ª PIP - VD Oeste/Jacarepaguá";"Rio de Janeiro";"Violência contra mulher";"Área Oeste/Jacarepaguá";2020;6;"2020-06";264;125;51;4;151;0;0;0;4
29934732;"2ª PIP - VD Oeste/Jacarepaguá";"Rio de Janeiro";"Violência contra mulher";"Área Oeste/Jacarepaguá";2020;7;"2020-07";561;520;59;129;316;0;0;0;3
29934732;"2ª PIP - VD Oeste/Jacarepaguá";"Rio de Janeiro";"Violência contra mulher";"Área Oeste/Jacarepaguá";2020;8;"2020-08";1393;462;77;165;771;0;0;0;3
29934732;"2ª PIP - VD Oeste/Jacarepaguá";"Rio de Janeiro";"Violência contra mulher";"Área Oeste/Jacarepaguá";2020;9;"2020-09";1425;390;137;84;922;0;0;0;3
29934732;"2ª PIP - VD Oeste/Jacarepaguá";"Rio de Janeiro";"Violência contra mulher";"Área Oeste/Jacarepaguá";2020;10;"2020-10";2058;329;131;313;1557;0;0;0;1
29934732;"2ª PIP - VD Oeste/Jacarepaguá";"Rio de Janeiro";"Violência contra mulher";"Área Oeste/Jacarepaguá";2020;11;"2020-11";784;391;86;88;345;0;0;0;6
29934732;"2ª PIP - VD Oeste/Jacarepaguá";"Rio de Janeiro";"Violência contra mulher";"Área Oeste/Jacarepaguá";2020;12;"2020-12";1894;480;73;137;1468;0;0;0;14
29934732;"2ª PIP - VD Oeste/Jacarepaguá";"Rio de Janeiro";"Violência contra mulher";"Área Oeste/Jacarepaguá";2021;1;"2021-01";1564;335;124;303;262;0;0;0;11
29941061;"1ª PIP - VD Centro";"Rio de Janeiro";"Violência contra mulher";"Área Centro";2020;3;"2020-03";16;26;3;1;0;0;0;0;0
29941061;"1ª PIP - VD Centro";"Rio de Janeiro";"Violência contra mulher";"Área Centro";2020;4;"2020-04";1;1;0;0;0;0;0;0;1
29941061;"1ª PIP - VD Centro";"Rio de Janeiro";"Violência contra mulher";"Área Centro";2020;5;"2020-05";12;15;7;1;3;0;0;0;0
29941061;"1ª PIP - VD Centro";"Rio de Janeiro";"Violência contra mulher";"Área Centro";2020;6;"2020-06";51;166;29;6;12;0;0;0;0
29941061;"1ª PIP - VD Centro";"Rio de Janeiro";"Violência contra mulher";"Área Centro";2020;7;"2020-07";572;326;180;111;130;0;0;0;2
29941061;"1ª PIP - VD Centro";"Rio de Janeiro";"Violência contra mulher";"Área Centro";2020;8;"2020-08";1045;650;164;182;204;0;0;0;3
29941061;"1ª PIP - VD Centro";"Rio de Janeiro";"Violência contra mulher";"Área Centro";2020;9;"2020-09";812;408;279;222;312;0;0;0;4
29941061;"1ª PIP - VD Centro";"Rio de Janeiro";"Violência contra mulher";"Área Centro";2020;10;"2020-10";612;314;105;52;287;0;0;0;2
29941061;"1ª PIP - VD Centro";"Rio de Janeiro";"Violência contra mulher";"Área Centro";2020;11;"2020-11";361;222;77;33;148;0;0;0;1
29941061;"1ª PIP - VD Centro";"Rio de Janeiro";"Violência contra mulher";"Área Centro";2020;12;"2020-12";338;281;86;16;166;0;0;0;1
29941061;"1ª PIP - VD Centro";"Rio de Janeiro";"Violência contra mulher";"Área Centro";2021;1;"2021-01";505;321;136;37;215;0;0;0;6
29941071;"2ª PIP - VD Centro";"Rio de Janeiro";"Violência contra mulher";"Área Centro";2020;3;"2020-03";55;28;4;3;3;0;0;0;2
29941071;"2ª PIP - VD Centro";"Rio de Janeiro";"Violência contra mulher";"Área Centro";2020;4;"2020-04";6;3;3;0;0;0;0;0;1
29941071;"2ª PIP - VD Centro";"Rio de Janeiro";"Violência contra mulher";"Área Centro";2020;5;"2020-05";13;14;6;2;2;0;0;0;0
29941071;"2ª PIP - VD Centro";"Rio de Janeiro";"Violência contra mulher";"Área Centro";2020;6;"2020-06";32;163;19;3;7;0;0;0;0
29941071;"2ª PIP - VD Centro";"Rio de Janeiro";"Violência contra mulher";"Área Centro";2020;7;"2020-07";466;339;104;59;156;0;0;0;0
29941071;"2ª PIP - VD Centro";"Rio de Janeiro";"Violência contra mulher";"Área Centro";2020;8;"2020-08";863;657;243;28;233;0;0;0;2
29941071;"2ª PIP - VD Centro";"Rio de Janeiro";"Violência contra mulher";"Área Centro";2020;9;"2020-09";459;361;242;107;160;0;0;0;0
29941071;"2ª PIP - VD Centro";"Rio de Janeiro";"Violência contra mulher";"Área Centro";2020;10;"2020-10";732;310;266;95;316;0;0;0;0
29941071;"2ª PIP - VD Centro";"Rio de Janeiro";"Violência contra mulher";"Área Centro";2020;11;"2020-11";324;207;99;48;105;0;0;0;4
29941071;"2ª PIP - VD Centro";"Rio de Janeiro";"Violência contra mulher";"Área Centro";2020;12;"2020-12";444;278;74;24;125;0;0;0;0
29941071;"2ª PIP - VD Centro";"Rio de Janeiro";"Violência contra mulher";"Área Centro";2021;1;"2021-01";404;332;190;27;86;0;0;0;2
29941099;"1ª PIP - Especializada Rio de Janeiro";"Rio de Janeiro";"Especializada";"Rio de Janeiro";2020;3;"2020-03";389;11;1;1;344;0;0;0;24
29941099;"1ª PIP - Especializada Rio de Janeiro";"Rio de Janeiro";"Especializada";"Rio de Janeiro";2020;4;"2020-04";14;2;3;0;1;0;0;0;7
29941099;"1ª PIP - Especializada Rio de Janeiro";"Rio de Janeiro";"Especializada";"Rio de Janeiro";2020;5;"2020-05";20;7;0;0;2;0;0;0;11
29941099;"1ª PIP - Especializada Rio de Janeiro";"Rio de Janeiro";"Especializada";"Rio de Janeiro";2020;6;"2020-06";18;19;2;0;10;0;0;0;2
29941099;"1ª PIP - Especializada Rio de Janeiro";"Rio de Janeiro";"Especializada";"Rio de Janeiro";2020;7;"2020-07";1854;100;12;3;1745;0;0;0;16
29941099;"1ª PIP - Especializada Rio de Janeiro";"Rio de Janeiro";"Especializada";"Rio de Janeiro";2020;8;"2020-08";603;67;3;28;495;0;0;0;17
29941099;"1ª PIP - Especializada Rio de Janeiro";"Rio de Janeiro";"Especializada";"Rio de Janeiro";2020;9;"2020-09";619;78;1;24;449;0;0;0;24
29941099;"1ª PIP - Especializada Rio de Janeiro";"Rio de Janeiro";"Especializada";"Rio de Janeiro";2020;10;"2020-10";765;127;4;6;577;0;0;0;15
29941099;"1ª PIP - Especializada Rio de Janeiro";"Rio de Janeiro";"Especializada";"Rio de Janeiro";2020;11;"2020-11";803;127;0;17;704;0;0;0;13
29941099;"1ª PIP - Especializada Rio de Janeiro";"Rio de Janeiro";"Especializada";"Rio de Janeiro";2020;12;"2020-12";507;45;0;4;411;0;0;0;12
29941099;"1ª PIP - Especializada Rio de Janeiro";"Rio de Janeiro";"Especializada";"Rio de Janeiro";2021;1;"2021-01";674;60;7;46;453;0;0;0;34
29941140;"2ª PIP - Especializada Rio de Janeiro";"Rio de Janeiro";"Especializada";"Rio de Janeiro";2020;3;"2020-03";343;12;2;0;303;0;0;0;7
29941140;"2ª PIP - Especializada Rio de Janeiro";"Rio de Janeiro";"Especializada";"Rio de Janeiro";2020;4;"2020-04";4;4;0;1;0;0;0;0;2
29941140;"2ª PIP - Especializada Rio de Janeiro";"Rio de Janeiro";"Especializada";"Rio de Janeiro";2020;5;"2020-05";6;12;2;4;0;0;0;0;3
29941140;"2ª PIP - Especializada Rio de Janeiro";"Rio de Janeiro";"Especializada";"Rio de Janeiro";2020;6;"2020-06";26;30;4;2;4;0;0;0;8
29941140;"2ª PIP - Especializada Rio de Janeiro";"Rio de Janeiro";"Especializada";"Rio de Janeiro";2020;7;"2020-07";1062;106;5;51;953;0;0;0;17
29941140;"2ª PIP - Especializada Rio de Janeiro";"Rio de Janeiro";"Especializada";"Rio de Janeiro";2020;8;"2020-08";1233;60;4;108;1063;0;0;0;9
29941140;"2ª PIP - Especializada Rio de Janeiro";"Rio de Janeiro";"Especializada";"Rio de Janeiro";2020;9;"2020-09";1102;75;6;157;845;0;0;0;14
29941140;"2ª PIP - Especializada Rio de Janeiro";"Rio de Janeiro";"Especializada";"Rio de Janeiro";2020;10;"2020-10";1015;116;1;58;916;0;0;0;15
29941140;"2ª PIP - Especializada Rio de Janeiro";"Rio de Janeiro";"Especializada";"Rio de Janeiro";2020;11;"2020-11";610;111;5;33;474;0;0;0;22
29941140;"2ª PIP - Especializada Rio de Janeiro";"Rio de Janeiro";"Especializada";"Rio de Janeiro";2020;12;"2020-12";293;37;2;95;133;0;0;0;27
29941140;"2ª PIP - Especializada Rio de Janeiro";"Rio de Janeiro";"Especializada";"Rio de Janeiro";2021;1;"2021-01";194;33;5;60;78;0;0;0;9
29941222;"3ª PIP - Especializada Rio de Janeiro";"Rio de Janeiro";"Especializada";"Rio de Janeiro";2020;3;"2020-03";328;13;9;0;283;0;0;0;7
29941222;"3ª PIP - Especializada Rio de Janeiro";"Rio de Janeiro";"Especializada";"Rio de Janeiro";2020;4;"2020-04";5;2;2;0;0;0;0;0;2
29941222;"3ª PIP - Especializada Rio de Janeiro";"Rio de Janeiro";"Especializada";"Rio de Janeiro";2020;5;"2020-05";855;8;1;0;807;0;0;0;2
29941222;"3ª PIP - Especializada Rio de Janeiro";"Rio de Janeiro";"Especializada";"Rio de Janeiro";2020;6;"2020-06";329;19;2;0;250;1;0;0;10
29941222;"3ª PIP - Especializada Rio de Janeiro";"Rio de Janeiro";"Especializada";"Rio de Janeiro";2020;7;"2020-07";426;105;7;64;352;0;0;0;12
29941222;"3ª PIP - Especializada Rio de Janeiro";"Rio de Janeiro";"Especializada";"Rio de Janeiro";2020;8;"2020-08";774;80;11;74;574;0;0;0;5
29941222;"3ª PIP - Especializada Rio de Janeiro";"Rio de Janeiro";"Especializada";"Rio de Janeiro";2020;9;"2020-09";483;72;20;76;286;0;0;0;13
29941222;"3ª PIP - Especializada Rio de Janeiro";"Rio de Janeiro";"Especializada";"Rio de Janeiro";2020;10;"2020-10";526;113;12;99;336;0;0;0;13
29941222;"3ª PIP - Especializada Rio de Janeiro";"Rio de Janeiro";"Especializada";"Rio de Janeiro";2020;11;"2020-11";240;123;0;41;166;0;0;0;5
29941222;"3ª PIP - Especializada Rio de Janeiro";"Rio de Janeiro";"Especializada";"Rio de Janeiro";2020;12;"2020-12";160;52;1;30;91;0;0;0;1
29941222;"3ª PIP - Especializada Rio de Janeiro";"Rio de Janeiro";"Especializada";"Rio de Janeiro";2021;1;"2021-01";553;28;23;4;385;0;0;0;2
29941251;"4ª PIP - Especializada Rio de Janeiro";"Rio de Janeiro";"Especializada";"Rio de Janeiro";2020;3;"2020-03";215;13;1;0;197;0;0;0;1
29941251;"4ª PIP - Especializada Rio de Janeiro";"Rio de Janeiro";"Especializada";"Rio de Janeiro";2020;4;"2020-04";17;1;3;0;11;0;0;0;1
29941251;"4ª PIP - Especializada Rio de Janeiro";"Rio de Janeiro";"Especializada";"Rio de Janeiro";2020;5;"2020-05";25;16;1;0;4;0;0;0;9
29941251;"4ª PIP - Especializada Rio de Janeiro";"Rio de Janeiro";"Especializada";"Rio de Janeiro";2020;6;"2020-06";6;16;0;0;0;0;0;0;3
29941251;"4ª PIP - Especializada Rio de Janeiro";"Rio de Janeiro";"Especializada";"Rio de Janeiro";2020;7;"2020-07";309;114;1;0;240;0;0;0;4
29941251;"4ª PIP - Especializada Rio de Janeiro";"Rio de Janeiro";"Especializada";"Rio de Janeiro";2020;8;"2020-08";2159;81;1;1;1990;0;0;0;10
29941251;"4ª PIP - Especializada Rio de Janeiro";"Rio de Janeiro";"Especializada";"Rio de Janeiro";2020;9;"2020-09";612;83;0;1;493;0;0;0;8
29941251;"4ª PIP - Especializada Rio de Janeiro";"Rio de Janeiro";"Especializada";"Rio de Janeiro";2020;10;"2020-10";599;110;0;1;521;0;0;0;5
29941251;"4ª PIP - Especializada Rio de Janeiro";"Rio de Janeiro";"Especializada";"Rio de Janeiro";2020;11;"2020-11";327;126;3;1;286;0;0;0;4
29941251;"4ª PIP - Especializada Rio de Janeiro";"Rio de Janeiro";"Especializada";"Rio de Janeiro";2020;12;"2020-12";229;39;3;49;150;0;0;0;5
29941251;"4ª PIP - Especializada Rio de Janeiro";"Rio de Janeiro";"Especializada";"Rio de Janeiro";2021;1;"2021-01";233;39;3;11;129;0;0;0;6
29941322;"PIP - VD Nova Iguaçu";"Duque de Caxias/Nova Iguaçu";"Violência contra mulher";"Área Nova Iguaçu";2020;3;"2020-03";794;154;25;11;163;0;0;0;0
29941322;"PIP - VD Nova Iguaçu";"Duque de Caxias/Nova Iguaçu";"Violência contra mulher";"Área Nova Iguaçu";2020;4;"2020-04";0;13;0;0;0;0;0;0;0
29941322;"PIP - VD Nova Iguaçu";"Duque de Caxias/Nova Iguaçu";"Violência contra mulher";"Área Nova Iguaçu";2020;5;"2020-05";55;40;4;0;40;0;0;0;0
29941322;"PIP - VD Nova Iguaçu";"Duque de Caxias/Nova Iguaçu";"Violência contra mulher";"Área Nova Iguaçu";2020;6;"2020-06";73;77;9;1;61;0;0;0;2
29941322;"PIP - VD Nova Iguaçu";"Duque de Caxias/Nova Iguaçu";"Violência contra mulher";"Área Nova Iguaçu";2020;7;"2020-07";930;792;73;23;648;0;0;0;5
29941322;"PIP - VD Nova Iguaçu";"Duque de Caxias/Nova Iguaçu";"Violência contra mulher";"Área Nova Iguaçu";2020;8;"2020-08";628;650;39;41;291;0;0;0;10
29941322;"PIP - VD Nova Iguaçu";"Duque de Caxias/Nova Iguaçu";"Violência contra mulher";"Área Nova Iguaçu";2020;9;"2020-09";1103;412;188;423;404;0;0;0;28
29941322;"PIP - VD Nova Iguaçu";"Duque de Caxias/Nova Iguaçu";"Violência contra mulher";"Área Nova Iguaçu";2020;10;"2020-10";732;335;106;49;333;0;0;0;14
29941322;"PIP - VD Nova Iguaçu";"Duque de Caxias/Nova Iguaçu";"Violência contra mulher";"Área Nova Iguaçu";2020;11;"2020-11";914;214;187;315;379;0;0;0;4
29941322;"PIP - VD Nova Iguaçu";"Duque de Caxias/Nova Iguaçu";"Violência contra mulher";"Área Nova Iguaçu";2020;12;"2020-12";1228;196;145;257;250;0;0;0;11
29941322;"PIP - VD Nova Iguaçu";"Duque de Caxias/Nova Iguaçu";"Violência contra mulher";"Área Nova Iguaçu";2021;1;"2021-01";703;431;190;140;110;0;0;0;5
29941368;"1ª PIP - Especializada Niterói/São Gonçalo";"Niterói/São Gonçalo";"Especializada";"Niterói/São Gonçalo";2020;3;"2020-03";100;41;1;1;75;0;0;0;2
29941368;"1ª PIP - Especializada Niterói/São Gonçalo";"Niterói/São Gonçalo";"Especializada";"Niterói/São Gonçalo";2020;4;"2020-04";31;16;0;0;26;0;0;0;0
29941368;"1ª PIP - Especializada Niterói/São Gonçalo";"Niterói/São Gonçalo";"Especializada";"Niterói/São Gonçalo";2020;5;"2020-05";23;6;1;2;10;0;0;0;1
29941368;"1ª PIP - Especializada Niterói/São Gonçalo";"Niterói/São Gonçalo";"Especializada";"Niterói/São Gonçalo";2020;6;"2020-06";24;11;0;5;17;0;0;0;1
29941368;"1ª PIP - Especializada Niterói/São Gonçalo";"Niterói/São Gonçalo";"Especializada";"Niterói/São Gonçalo";2020;7;"2020-07";93;27;0;10;60;0;0;0;5
29941368;"1ª PIP - Especializada Niterói/São Gonçalo";"Niterói/São Gonçalo";"Especializada";"Niterói/São Gonçalo";2020;8;"2020-08";222;45;2;6;165;0;0;0;4
29941368;"1ª PIP - Especializada Niterói/São Gonçalo";"Niterói/São Gonçalo";"Especializada";"Niterói/São Gonçalo";2020;9;"2020-09";85;26;2;16;50;0;0;0;2
29941368;"1ª PIP - Especializada Niterói/São Gonçalo";"Niterói/São Gonçalo";"Especializada";"Niterói/São Gonçalo";2020;10;"2020-10";129;26;5;14;74;0;0;0;5
29941368;"1ª PIP - Especializada Niterói/São Gonçalo";"Niterói/São Gonçalo";"Especializada";"Niterói/São Gonçalo";2020;11;"2020-11";141;35;0;10;103;0;0;0;5
29941368;"1ª PIP - Especializada Niterói/São Gonçalo";"Niterói/São Gonçalo";"Especializada";"Niterói/São Gonçalo";2020;12;"2020-12";258;12;1;14;227;0;0;0;8
29941368;"1ª PIP - Especializada Niterói/São Gonçalo";"Niterói/São Gonçalo";"Especializada";"Niterói/São Gonçalo";2021;1;"2021-01";97;13;3;8;20;0;1;0;1
30034384;"1ª PIP - Niterói";"Niterói/São Gonçalo";"Territorial";"Niterói";2020;3;"2020-03";346;71;11;9;238;0;0;0;4
30034384;"1ª PIP - Niterói";"Niterói/São Gonçalo";"Territorial";"Niterói";2020;4;"2020-04";81;28;11;2;39;0;0;0;7
30034384;"1ª PIP - Niterói";"Niterói/São Gonçalo";"Territorial";"Niterói";2020;5;"2020-05";74;30;11;2;23;0;1;0;8
30034384;"1ª PIP - Niterói";"Niterói/São Gonçalo";"Territorial";"Niterói";2020;6;"2020-06";170;72;14;7;127;0;0;0;1
30034384;"1ª PIP - Niterói";"Niterói/São Gonçalo";"Territorial";"Niterói";2020;7;"2020-07";395;96;20;48;223;0;0;0;5
30034384;"1ª PIP - Niterói";"Niterói/São Gonçalo";"Territorial";"Niterói";2020;8;"2020-08";520;69;34;57;279;0;0;0;5
30034384;"1ª PIP - Niterói";"Niterói/São Gonçalo";"Territorial";"Niterói";2020;9;"2020-09";355;95;41;282;192;0;1;0;4
30034384;"1ª PIP - Niterói";"Niterói/São Gonçalo";"Territorial";"Niterói";2020;10;"2020-10";292;75;8;54;137;0;11;0;5
30034384;"1ª PIP - Niterói";"Niterói/São Gonçalo";"Territorial";"Niterói";2020;11;"2020-11";767;56;19;53;609;0;9;0;4
30034384;"1ª PIP - Niterói";"Niterói/São Gonçalo";"Territorial";"Niterói";2020;12;"2020-12";392;87;3;94;335;0;0;0;3
30034384;"1ª PIP - Niterói";"Niterói/São Gonçalo";"Territorial";"Niterói";2021;1;"2021-01";708;122;14;16;180;1;14;0;5
30034664;"1ª PIP - VD Duque de Caxias";"Duque de Caxias/Nova Iguaçu";"Violência contra mulher";"Área Duque de Caxias";2020;3;"2020-03";97;9;0;3;28;0;0;0;0
30034664;"1ª PIP - VD Duque de Caxias";"Duque de Caxias/Nova Iguaçu";"Violência contra mulher";"Área Duque de Caxias";2020;4;"2020-04";0;25;0;0;0;0;0;0;0
30034664;"1ª PIP - VD Duque de Caxias";"Duque de Caxias/Nova Iguaçu";"Violência contra mulher";"Área Duque de Caxias";2020;5;"2020-05";83;147;72;5;0;0;0;0;3
30034664;"1ª PIP - VD Duque de Caxias";"Duque de Caxias/Nova Iguaçu";"Violência contra mulher";"Área Duque de Caxias";2020;6;"2020-06";74;188;47;5;0;0;0;0;3
30034664;"1ª PIP - VD Duque de Caxias";"Duque de Caxias/Nova Iguaçu";"Violência contra mulher";"Área Duque de Caxias";2020;7;"2020-07";954;476;85;27;169;0;0;0;25
30034664;"1ª PIP - VD Duque de Caxias";"Duque de Caxias/Nova Iguaçu";"Violência contra mulher";"Área Duque de Caxias";2020;8;"2020-08";388;513;111;57;113;0;0;0;16
30034664;"1ª PIP - VD Duque de Caxias";"Duque de Caxias/Nova Iguaçu";"Violência contra mulher";"Área Duque de Caxias";2020;9;"2020-09";698;251;128;232;132;0;0;0;13
30034664;"1ª PIP - VD Duque de Caxias";"Duque de Caxias/Nova Iguaçu";"Violência contra mulher";"Área Duque de Caxias";2020;10;"2020-10";1131;178;129;300;225;0;0;0;10
30034664;"1ª PIP - VD Duque de Caxias";"Duque de Caxias/Nova Iguaçu";"Violência contra mulher";"Área Duque de Caxias";2020;11;"2020-11";590;318;86;265;158;0;0;0;19
30034664;"1ª PIP - VD Duque de Caxias";"Duque de Caxias/Nova Iguaçu";"Violência contra mulher";"Área Duque de Caxias";2020;12;"2020-12";1067;178;65;164;229;0;0;0;21
30034664;"1ª PIP - VD Duque de Caxias";"Duque de Caxias/Nova Iguaçu";"Violência contra mulher";"Área Duque de Caxias";2021;1;"2021-01";618;297;70;27;21;0;0;0;9
30034671;"PIP - VD São Gonçalo";"Niterói/São Gonçalo";"Violência contra mulher";"Área São Gonçalo";2020;3;"2020-03";568;108;2;26;107;0;0;0;0
30034671;"PIP - VD São Gonçalo";"Niterói/São Gonçalo";"Violência contra mulher";"Área São Gonçalo";2020;4;"2020-04";154;136;28;15;72;0;0;0;0
30034671;"PIP - VD São Gonçalo";"Niterói/São Gonçalo";"Violência contra mulher";"Área São Gonçalo";2020;5;"2020-05";183;161;32;33;91;0;0;0;0
30034671;"PIP - VD São Gonçalo";"Niterói/São Gonçalo";"Violência contra mulher";"Área São Gonçalo";2020;6;"2020-06";496;174;40;259;223;0;0;0;2
30034671;"PIP - VD São Gonçalo";"Niterói/São Gonçalo";"Violência contra mulher";"Área São Gonçalo";2020;7;"2020-07";764;274;37;262;433;0;0;0;2
30034671;"PIP - VD São Gonçalo";"Niterói/São Gonçalo";"Violência contra mulher";"Área São Gonçalo";2020;8;"2020-08";860;299;31;271;353;0;0;0;1
30034671;"PIP - VD São Gonçalo";"Niterói/São Gonçalo";"Violência contra mulher";"Área São Gonçalo";2020;9;"2020-09";851;36;196;201;159;0;0;0;0
30034671;"PIP - VD São Gonçalo";"Niterói/São Gonçalo";"Violência contra mulher";"Área São Gonçalo";2020;10;"2020-10";454;108;80;585;221;0;0;0;0
30034671;"PIP - VD São Gonçalo";"Niterói/São Gonçalo";"Violência contra mulher";"Área São Gonçalo";2020;11;"2020-11";270;89;83;81;53;0;0;0;0
30034671;"PIP - VD São Gonçalo";"Niterói/São Gonçalo";"Violência contra mulher";"Área São Gonçalo";2020;12;"2020-12";431;66;84;80;74;0;0;0;0
30034671;"PIP - VD São Gonçalo";"Niterói/São Gonçalo";"Violência contra mulher";"Área São Gonçalo";2021;1;"2021-01";976;145;62;333;229;0;0;0;0
30061094;"2ª PIP - Niterói";"Niterói/São Gonçalo";"Territorial";"Niterói";2020;3;"2020-03";237;86;18;3;145;0;0;0;6
30061094;"2ª PIP - Niterói";"Niterói/São Gonçalo";"Territorial";"Niterói";2020;4;"2020-04";101;33;11;6;49;0;0;0;3
30061094;"2ª PIP - Niterói";"Niterói/São Gonçalo";"Territorial";"Niterói";2020;5;"2020-05";52;30;16;4;9;0;0;0;2
30061094;"2ª PIP - Niterói";"Niterói/São Gonçalo";"Territorial";"Niterói";2020;6;"2020-06";85;77;12;7;41;0;2;0;2
30061094;"2ª PIP - Niterói";"Niterói/São Gonçalo";"Territorial";"Niterói";2020;7;"2020-07";1048;98;24;41;559;0;4;0;12
30061094;"2ª PIP - Niterói";"Niterói/São Gonçalo";"Territorial";"Niterói";2020;8;"2020-08";706;70;46;245;126;0;32;0;7
30061094;"2ª PIP - Niterói";"Niterói/São Gonçalo";"Territorial";"Niterói";2020;9;"2020-09";561;99;50;522;217;0;33;0;9
30061094;"2ª PIP - Niterói";"Niterói/São Gonçalo";"Territorial";"Niterói";2020;10;"2020-10";666;91;42;205;240;0;9;0;13
30061094;"2ª PIP - Niterói";"Niterói/São Gonçalo";"Territorial";"Niterói";2020;11;"2020-11";892;53;22;216;572;0;15;0;4
30061094;"2ª PIP - Niterói";"Niterói/São Gonçalo";"Territorial";"Niterói";2020;12;"2020-12";1226;87;17;333;839;0;1;0;3
30061094;"2ª PIP - Niterói";"Niterói/São Gonçalo";"Territorial";"Niterói";2021;1;"2021-01";381;123;15;92;57;0;11;0;2
30061329;"PIP - VD Niterói";"Niterói/São Gonçalo";"Violência contra mulher";"Área Niterói";2020;3;"2020-03";112;174;31;14;44;0;0;0;0
30061329;"PIP - VD Niterói";"Niterói/São Gonçalo";"Violência contra mulher";"Área Niterói";2020;4;"2020-04";57;31;0;0;57;0;0;0;0
30061329;"PIP - VD Niterói";"Niterói/São Gonçalo";"Violência contra mulher";"Área Niterói";2020;5;"2020-05";28;10;4;2;16;0;0;0;0
30061329;"PIP - VD Niterói";"Niterói/São Gonçalo";"Violência contra mulher";"Área Niterói";2020;6;"2020-06";62;23;8;15;17;0;0;0;0
30061329;"PIP - VD Niterói";"Niterói/São Gonçalo";"Violência contra mulher";"Área Niterói";2020;7;"2020-07";110;94;2;2;30;0;0;0;0
30061329;"PIP - VD Niterói";"Niterói/São Gonçalo";"Violência contra mulher";"Área Niterói";2020;8;"2020-08";153;81;8;2;54;0;0;0;2
30061329;"PIP - VD Niterói";"Niterói/São Gonçalo";"Violência contra mulher";"Área Niterói";2020;9;"2020-09";427;126;10;49;244;0;0;0;0
30061329;"PIP - VD Niterói";"Niterói/São Gonçalo";"Violência contra mulher";"Área Niterói";2020;10;"2020-10";120;61;48;50;55;0;0;0;2
30061329;"PIP - VD Niterói";"Niterói/São Gonçalo";"Violência contra mulher";"Área Niterói";2020;11;"2020-11";218;88;22;39;135;0;0;0;0
30061329;"PIP - VD Niterói";"Niterói/São Gonçalo";"Violência contra mulher";"Área Niterói";2020;12;"2020-12";376;220;62;46;259;0;0;0;0
30061329;"PIP - VD Niterói";"Niterói/São Gonçalo";"Violência contra mulher";"Área Niterói";2021;1;"2021-01";466;147;48;37;17;0;0;0;1
30061624;"1ª PIP - São Gonçalo";"Niterói/São Gonçalo";"Territorial";"São Gonçalo";2020;3;"2020-03";352;51;0;5;245;0;0;0;3
30061624;"1ª PIP - São Gonçalo";"Niterói/São Gonçalo";"Territorial";"São Gonçalo";2020;4;"2020-04";20;15;2;4;12;0;0;0;1
30061624;"1ª PIP - São Gonçalo";"Niterói/São Gonçalo";"Territorial";"São Gonçalo";2020;5;"2020-05";51;30;6;1;27;0;0;0;1
30061624;"1ª PIP - São Gonçalo";"Niterói/São Gonçalo";"Territorial";"São Gonçalo";2020;6;"2020-06";422;42;4;2;340;0;0;0;0
30061624;"1ª PIP - São Gonçalo";"Niterói/São Gonçalo";"Territorial";"São Gonçalo";2020;7;"2020-07";508;53;4;35;223;0;0;0;5
30061624;"1ª PIP - São Gonçalo";"Niterói/São Gonçalo";"Territorial";"São Gonçalo";2020;8;"2020-08";176;37;23;56;35;0;0;0;2
30061624;"1ª PIP - São Gonçalo";"Niterói/São Gonçalo";"Territorial";"São Gonçalo";2020;9;"2020-09";221;31;22;87;72;0;0;0;5
30061624;"1ª PIP - São Gonçalo";"Niterói/São Gonçalo";"Territorial";"São Gonçalo";2020;10;"2020-10";360;55;11;38;162;2;18;0;1
30061624;"1ª PIP - São Gonçalo";"Niterói/São Gonçalo";"Territorial";"São Gonçalo";2020;11;"2020-11";161;66;22;55;60;0;9;0;2
30061624;"1ª PIP - São Gonçalo";"Niterói/São Gonçalo";"Territorial";"São Gonçalo";2020;12;"2020-12";234;33;27;58;76;0;5;1;0
30061624;"1ª PIP - São Gonçalo";"Niterói/São Gonçalo";"Territorial";"São Gonçalo";2021;1;"2021-01";983;54;5;11;91;0;0;0;0
30061694;"2ª PIP - São Gonçalo";"Niterói/São Gonçalo";"Territorial";"São Gonçalo";2020;3;"2020-03";61;56;2;4;24;0;0;0;0
30061694;"2ª PIP - São Gonçalo";"Niterói/São Gonçalo";"Territorial";"São Gonçalo";2020;4;"2020-04";427;7;3;1;57;0;0;0;1
30061694;"2ª PIP - São Gonçalo";"Niterói/São Gonçalo";"Territorial";"São Gonçalo";2020;5;"2020-05";127;30;2;24;50;0;0;0;1
30061694;"2ª PIP - São Gonçalo";"Niterói/São Gonçalo";"Territorial";"São Gonçalo";2020;6;"2020-06";347;45;20;195;85;0;0;0;7
30061694;"2ª PIP - São Gonçalo";"Niterói/São Gonçalo";"Territorial";"São Gonçalo";2020;7;"2020-07";646;54;17;283;139;0;0;0;3
30061694;"2ª PIP - São Gonçalo";"Niterói/São Gonçalo";"Territorial";"São Gonçalo";2020;8;"2020-08";330;30;20;57;113;0;0;0;6
30061694;"2ª PIP - São Gonçalo";"Niterói/São Gonçalo";"Territorial";"São Gonçalo";2020;9;"2020-09";203;36;46;95;35;2;2;0;3
30061694;"2ª PIP - São Gonçalo";"Niterói/São Gonçalo";"Territorial";"São Gonçalo";2020;10;"2020-10";342;48;20;59;84;0;5;0;1
30061694;"2ª PIP - São Gonçalo";"Niterói/São Gonçalo";"Territorial";"São Gonçalo";2020;11;"2020-11";230;56;16;73;49;1;9;0;1
30061694;"2ª PIP - São Gonçalo";"Niterói/São Gonçalo";"Territorial";"São Gonçalo";2020;12;"2020-12";214;38;12;52;52;0;27;0;1
30061694;"2ª PIP - São Gonçalo";"Niterói/São Gonçalo";"Territorial";"São Gonçalo";2021;1;"2021-01";609;54;16;37;34;0;0;0;5
30061723;"3ª PIP - São Gonçalo";"Niterói/São Gonçalo";"Territorial";"São Gonçalo";2020;3;"2020-03";725;60;2;13;462;0;0;0;1
30061723;"3ª PIP - São Gonçalo";"Niterói/São Gonçalo";"Territorial";"São Gonçalo";2020;4;"2020-04";11;5;1;3;5;0;0;0;0
30061723;"3ª PIP - São Gonçalo";"Niterói/São Gonçalo";"Territorial";"São Gonçalo";2020;5;"2020-05";36;33;2;1;23;0;0;0;1
30061723;"3ª PIP - São Gonçalo";"Niterói/São Gonçalo";"Territorial";"São Gonçalo";2020;6;"2020-06";500;41;2;33;253;0;0;0;0
30061723;"3ª PIP - São Gonçalo";"Niterói/São Gonçalo";"Territorial";"São Gonçalo";2020;7;"2020-07";338;51;4;54;137;0;0;0;2
30061723;"3ª PIP - São Gonçalo";"Niterói/São Gonçalo";"Territorial";"São Gonçalo";2020;8;"2020-08";164;46;20;100;69;0;0;0;0
30061723;"3ª PIP - São Gonçalo";"Niterói/São Gonçalo";"Territorial";"São Gonçalo";2020;9;"2020-09";153;34;13;35;58;0;0;0;2
30061723;"3ª PIP - São Gonçalo";"Niterói/São Gonçalo";"Territorial";"São Gonçalo";2020;10;"2020-10";528;55;6;37;150;0;0;0;2
30061723;"3ª PIP - São Gonçalo";"Niterói/São Gonçalo";"Territorial";"São Gonçalo";2020;11;"2020-11";261;64;3;39;124;2;0;0;1
30061723;"3ª PIP - São Gonçalo";"Niterói/São Gonçalo";"Territorial";"São Gonçalo";2020;12;"2020-12";99;45;9;122;44;0;0;0;1
30061723;"3ª PIP - São Gonçalo";"Niterói/São Gonçalo";"Territorial";"São Gonçalo";2021;1;"2021-01";1141;58;1;67;52;0;0;0;9
30061803;"2ª PIP - Especializada Niterói/São Gonçalo";"Niterói/São Gonçalo";"Especializada";"Niterói/São Gonçalo";2020;3;"2020-03";252;33;2;0;223;0;0;0;0
30061803;"2ª PIP - Especializada Niterói/São Gonçalo";"Niterói/São Gonçalo";"Especializada";"Niterói/São Gonçalo";2020;4;"2020-04";22;14;1;0;13;0;0;0;0
30061803;"2ª PIP - Especializada Niterói/São Gonçalo";"Niterói/São Gonçalo";"Especializada";"Niterói/São Gonçalo";2020;5;"2020-05";44;13;2;5;28;0;0;0;0
30061803;"2ª PIP - Especializada Niterói/São Gonçalo";"Niterói/São Gonçalo";"Especializada";"Niterói/São Gonçalo";2020;6;"2020-06";42;18;0;7;22;0;0;0;0
30061803;"2ª PIP - Especializada Niterói/São Gonçalo";"Niterói/São Gonçalo";"Especializada";"Niterói/São Gonçalo";2020;7;"2020-07";89;24;3;18;38;0;0;0;5
30061803;"2ª PIP - Especializada Niterói/São Gonçalo";"Niterói/São Gonçalo";"Especializada";"Niterói/São Gonçalo";2020;8;"2020-08";398;48;3;10;332;0;0;0;10
30061803;"2ª PIP - Especializada Niterói/São Gonçalo";"Niterói/São Gonçalo";"Especializada";"Niterói/São Gonçalo";2020;9;"2020-09";281;24;7;24;194;0;0;0;4
30061803;"2ª PIP - Especializada Niterói/São Gonçalo";"Niterói/São Gonçalo";"Especializada";"Niterói/São Gonçalo";2020;10;"2020-10";174;30;3;22;99;0;0;0;1
30061803;"2ª PIP - Especializada Niterói/São Gonçalo";"Niterói/São Gonçalo";"Especializada";"Niterói/São Gonçalo";2020;11;"2020-11";154;31;6;16;82;0;0;0;2
30061803;"2ª PIP - Especializada Niterói/São Gonçalo";"Niterói/São Gonçalo";"Especializada";"Niterói/São Gonçalo";2020;12;"2020-12";127;18;7;9;79;0;2;0;3
30061803;"2ª PIP - Especializada Niterói/São Gonçalo";"Niterói/São Gonçalo";"Especializada";"Niterói/São Gonçalo";2021;1;"2021-01";182;5;3;8;71;0;0;0;1
30069167;"1ª PIP - Duque de Caxias";"Duque de Caxias/Nova Iguaçu";"Territorial";"Duque de Caxias";2020;3;"2020-03";242;57;1;49;74;0;0;0;0
30069167;"1ª PIP - Duque de Caxias";"Duque de Caxias/Nova Iguaçu";"Territorial";"Duque de Caxias";2020;4;"2020-04";0;1;0;0;0;0;0;0;0
30069167;"1ª PIP - Duque de Caxias";"Duque de Caxias/Nova Iguaçu";"Territorial";"Duque de Caxias";2020;5;"2020-05";0;42;0;0;0;0;0;0;0
30069167;"1ª PIP - Duque de Caxias";"Duque de Caxias/Nova Iguaçu";"Territorial";"Duque de Caxias";2020;6;"2020-06";0;44;0;0;0;0;0;0;0
30069167;"1ª PIP - Duque de Caxias";"Duque de Caxias/Nova Iguaçu";"Territorial";"Duque de Caxias";2020;7;"2020-07";87;51;2;85;13;0;0;0;1
30069167;"1ª PIP - Duque de Caxias";"Duque de Caxias/Nova Iguaçu";"Territorial";"Duque de Caxias";2020;8;"2020-08";151;132;10;39;27;0;0;0;4
30069167;"1ª PIP - Duque de Caxias";"Duque de Caxias/Nova Iguaçu";"Territorial";"Duque de Caxias";2020;9;"2020-09";165;95;2;9;54;0;0;0;2
30069167;"1ª PIP - Duque de Caxias";"Duque de Caxias/Nova Iguaçu";"Territorial";"Duque de Caxias";2020;10;"2020-10";188;75;58;139;34;0;0;0;1
30069167;"1ª PIP - Duque de Caxias";"Duque de Caxias/Nova Iguaçu";"Territorial";"Duque de Caxias";2020;11;"2020-11";227;94;40;40;23;0;0;0;5
30069167;"1ª PIP - Duque de Caxias";"Duque de Caxias/Nova Iguaçu";"Territorial";"Duque de Caxias";2020;12;"2020-12";201;66;18;64;131;0;0;0;0
30069167;"1ª PIP - Duque de Caxias";"Duque de Caxias/Nova Iguaçu";"Territorial";"Duque de Caxias";2021;1;"2021-01";235;92;14;38;81;0;0;0;0
30069433;"2ª PIP - Duque de Caxias";"Duque de Caxias/Nova Iguaçu";"Territorial";"Duque de Caxias";2020;3;"2020-03";191;57;0;0;128;0;0;0;1
30069433;"2ª PIP - Duque de Caxias";"Duque de Caxias/Nova Iguaçu";"Territorial";"Duque de Caxias";2020;4;"2020-04";0;2;0;0;0;0;0;0;0
30069433;"2ª PIP - Duque de Caxias";"Duque de Caxias/Nova Iguaçu";"Territorial";"Duque de Caxias";2020;5;"2020-05";0;43;0;0;0;0;0;0;0
30069433;"2ª PIP - Duque de Caxias";"Duque de Caxias/Nova Iguaçu";"Territorial";"Duque de Caxias";2020;6;"2020-06";19;39;11;6;0;0;0;0;1
30069433;"2ª PIP - Duque de Caxias";"Duque de Caxias/Nova Iguaçu";"Territorial";"Duque de Caxias";2020;7;"2020-07";91;53;16;3;41;0;0;0;4
30069433;"2ª PIP - Duque de Caxias";"Duque de Caxias/Nova Iguaçu";"Territorial";"Duque de Caxias";2020;8;"2020-08";396;144;27;16;212;0;0;0;6
30069433;"2ª PIP - Duque de Caxias";"Duque de Caxias/Nova Iguaçu";"Territorial";"Duque de Caxias";2020;9;"2020-09";504;105;45;8;308;0;0;0;3
30069433;"2ª PIP - Duque de Caxias";"Duque de Caxias/Nova Iguaçu";"Territorial";"Duque de Caxias";2020;10;"2020-10";358;72;9;56;244;0;0;0;2
30069433;"2ª PIP - Duque de Caxias";"Duque de Caxias/Nova Iguaçu";"Territorial";"Duque de Caxias";2020;11;"2020-11";431;98;12;21;242;0;0;0;2
30069433;"2ª PIP - Duque de Caxias";"Duque de Caxias/Nova Iguaçu";"Territorial";"Duque de Caxias";2020;12;"2020-12";482;66;26;119;1;0;0;0;1
30069433;"2ª PIP - Duque de Caxias";"Duque de Caxias/Nova Iguaçu";"Territorial";"Duque de Caxias";2021;1;"2021-01";632;89;14;78;1;0;0;0;1
30069453;"3ª PIP - Duque de Caxias";"Duque de Caxias/Nova Iguaçu";"Territorial";"Duque de Caxias";2020;3;"2020-03";182;58;0;1;128;0;0;0;0
30069453;"3ª PIP - Duque de Caxias";"Duque de Caxias/Nova Iguaçu";"Territorial";"Duque de Caxias";2020;4;"2020-04";0;1;0;0;0;0;0;0;0
30069453;"3ª PIP - Duque de Caxias";"Duque de Caxias/Nova Iguaçu";"Territorial";"Duque de Caxias";2020;5;"2020-05";3;30;0;2;1;0;0;0;0
30069453;"3ª PIP - Duque de Caxias";"Duque de Caxias/Nova Iguaçu";"Territorial";"Duque de Caxias";2020;6;"2020-06";18;43;11;4;0;0;0;0;1
30069453;"3ª PIP - Duque de Caxias";"Duque de Caxias/Nova Iguaçu";"Territorial";"Duque de Caxias";2020;7;"2020-07";282;55;8;7;189;0;0;0;2
30069453;"3ª PIP - Duque de Caxias";"Duque de Caxias/Nova Iguaçu";"Territorial";"Duque de Caxias";2020;8;"2020-08";296;144;13;22;177;0;0;0;2
30069453;"3ª PIP - Duque de Caxias";"Duque de Caxias/Nova Iguaçu";"Territorial";"Duque de Caxias";2020;9;"2020-09";366;94;18;24;289;0;0;0;2
30069453;"3ª PIP - Duque de Caxias";"Duque de Caxias/Nova Iguaçu";"Territorial";"Duque de Caxias";2020;10;"2020-10";136;71;8;6;77;0;0;0;1
30069453;"3ª PIP - Duque de Caxias";"Duque de Caxias/Nova Iguaçu";"Territorial";"Duque de Caxias";2020;11;"2020-11";309;93;13;17;202;0;0;0;2
30069453;"3ª PIP - Duque de Caxias";"Duque de Caxias/Nova Iguaçu";"Territorial";"Duque de Caxias";2020;12;"2020-12";262;68;7;9;164;0;0;0;1
30069453;"3ª PIP - Duque de Caxias";"Duque de Caxias/Nova Iguaçu";"Territorial";"Duque de Caxias";2021;1;"2021-01";278;93;23;38;85;0;0;0;1
30069490;"4ª PIP - Duque de Caxias";"Duque de Caxias/Nova Iguaçu";"Territorial";"Duque de Caxias";2020;3;"2020-03";172;60;1;2;82;0;0;0;0
30069490;"4ª PIP - Duque de Caxias";"Duque de Caxias/Nova Iguaçu";"Territorial";"Duque de Caxias";2020;4;"2020-04";0;2;0;0;0;0;0;0;0
30069490;"4ª PIP - Duque de Caxias";"Duque de Caxias/Nova Iguaçu";"Territorial";"Duque de Caxias";2020;5;"2020-05";27;33;10;1;13;0;0;0;0
30069490;"4ª PIP - Duque de Caxias";"Duque de Caxias/Nova Iguaçu";"Territorial";"Duque de Caxias";2020;6;"2020-06";27;46;6;12;7;0;0;0;0
30069490;"4ª PIP - Duque de Caxias";"Duque de Caxias/Nova Iguaçu";"Territorial";"Duque de Caxias";2020;7;"2020-07";381;51;9;3;113;0;0;0;1
30069490;"4ª PIP - Duque de Caxias";"Duque de Caxias/Nova Iguaçu";"Territorial";"Duque de Caxias";2020;8;"2020-08";205;145;3;14;73;0;0;0;0
30069490;"4ª PIP - Duque de Caxias";"Duque de Caxias/Nova Iguaçu";"Territorial";"Duque de Caxias";2020;9;"2020-09";94;113;27;59;47;0;1;0;7
30069490;"4ª PIP - Duque de Caxias";"Duque de Caxias/Nova Iguaçu";"Territorial";"Duque de Caxias";2020;10;"2020-10";46;73;15;94;0;0;1;0;1
30069490;"4ª PIP - Duque de Caxias";"Duque de Caxias/Nova Iguaçu";"Territorial";"Duque de Caxias";2020;11;"2020-11";145;100;5;3;3;0;1;0;2
30069490;"4ª PIP - Duque de Caxias";"Duque de Caxias/Nova Iguaçu";"Territorial";"Duque de Caxias";2020;12;"2020-12";136;60;3;5;5;0;1;0;4
30069490;"4ª PIP - Duque de Caxias";"Duque de Caxias/Nova Iguaçu";"Territorial";"Duque de Caxias";2021;1;"2021-01";166;80;0;0;0;0;0;0;0
30069516;"5ª PIP - Duque de Caxias";"Duque de Caxias/Nova Iguaçu";"Territorial";"Duque de Caxias";2020;3;"2020-03";287;61;0;1;125;0;0;0;0
30069516;"5ª PIP - Duque de Caxias";"Duque de Caxias/Nova Iguaçu";"Territorial";"Duque de Caxias";2020;4;"2020-04";0;1;0;0;0;0;0;0;0
30069516;"5ª PIP - Duque de Caxias";"Duque de Caxias/Nova Iguaçu";"Territorial";"Duque de Caxias";2020;5;"2020-05";0;28;0;0;0;0;0;0;0
30069516;"5ª PIP - Duque de Caxias";"Duque de Caxias/Nova Iguaçu";"Territorial";"Duque de Caxias";2020;6;"2020-06";0;38;0;0;0;0;0;0;1
30069516;"5ª PIP - Duque de Caxias";"Duque de Caxias/Nova Iguaçu";"Territorial";"Duque de Caxias";2020;7;"2020-07";241;42;1;0;123;0;0;0;4
30069516;"5ª PIP - Duque de Caxias";"Duque de Caxias/Nova Iguaçu";"Territorial";"Duque de Caxias";2020;8;"2020-08";362;138;5;8;212;0;0;0;4
30069516;"5ª PIP - Duque de Caxias";"Duque de Caxias/Nova Iguaçu";"Territorial";"Duque de Caxias";2020;9;"2020-09";201;101;0;122;88;0;0;0;0
30069516;"5ª PIP - Duque de Caxias";"Duque de Caxias/Nova Iguaçu";"Territorial";"Duque de Caxias";2020;10;"2020-10";188;77;28;119;26;0;0;0;5
30069516;"5ª PIP - Duque de Caxias";"Duque de Caxias/Nova Iguaçu";"Territorial";"Duque de Caxias";2020;11;"2020-11";484;116;2;24;19;0;0;0;0
30069516;"5ª PIP - Duque de Caxias";"Duque de Caxias/Nova Iguaçu";"Territorial";"Duque de Caxias";2020;12;"2020-12";124;65;0;20;0;0;0;0;0
30069516;"5ª PIP - Duque de Caxias";"Duque de Caxias/Nova Iguaçu";"Territorial";"Duque de Caxias";2021;1;"2021-01";201;86;0;54;4;0;0;0;0
30069601;"2ª PIP - VD Duque de Caxias";"Duque de Caxias/Nova Iguaçu";"Violência contra mulher";"Área Duque de Caxias";2020;3;"2020-03";329;8;0;0;101;0;0;0;0
30069601;"2ª PIP - VD Duque de Caxias";"Duque de Caxias/Nova Iguaçu";"Violência contra mulher";"Área Duque de Caxias";2020;4;"2020-04";0;38;0;0;0;0;0;0;0
30069601;"2ª PIP - VD Duque de Caxias";"Duque de Caxias/Nova Iguaçu";"Violência contra mulher";"Área Duque de Caxias";2020;5;"2020-05";0;146;0;0;0;0;0;0;0
30069601;"2ª PIP - VD Duque de Caxias";"Duque de Caxias/Nova Iguaçu";"Violência contra mulher";"Área Duque de Caxias";2020;6;"2020-06";5;231;0;2;0;0;0;0;2
30069601;"2ª PIP - VD Duque de Caxias";"Duque de Caxias/Nova Iguaçu";"Violência contra mulher";"Área Duque de Caxias";2020;7;"2020-07";1209;564;263;247;311;0;0;0;20
30069601;"2ª PIP - VD Duque de Caxias";"Duque de Caxias/Nova Iguaçu";"Violência contra mulher";"Área Duque de Caxias";2020;8;"2020-08";187;456;52;178;29;0;0;0;9
30069601;"2ª PIP - VD Duque de Caxias";"Duque de Caxias/Nova Iguaçu";"Violência contra mulher";"Área Duque de Caxias";2020;9;"2020-09";731;247;70;196;241;0;0;0;9
30069601;"2ª PIP - VD Duque de Caxias";"Duque de Caxias/Nova Iguaçu";"Violência contra mulher";"Área Duque de Caxias";2020;10;"2020-10";880;197;137;134;371;0;0;0;12
30069601;"2ª PIP - VD Duque de Caxias";"Duque de Caxias/Nova Iguaçu";"Violência contra mulher";"Área Duque de Caxias";2020;11;"2020-11";565;336;81;246;246;0;0;0;17
30069601;"2ª PIP - VD Duque de Caxias";"Duque de Caxias/Nova Iguaçu";"Violência contra mulher";"Área Duque de Caxias";2020;12;"2020-12";574;181;122;114;73;0;0;0;4
30069601;"2ª PIP - VD Duque de Caxias";"Duque de Caxias/Nova Iguaçu";"Violência contra mulher";"Área Duque de Caxias";2021;1;"2021-01";1070;299;78;28;45;0;0;0;11
30069669;"1ª PIP - Nova Iguaçu";"Duque de Caxias/Nova Iguaçu";"Territorial";"Nova Iguaçu";2020;3;"2020-03";77;10;4;1;42;2;0;0;0
30069669;"1ª PIP - Nova Iguaçu";"Duque de Caxias/Nova Iguaçu";"Territorial";"Nova Iguaçu";2020;4;"2020-04";1;3;0;0;0;0;0;0;0
30069669;"1ª PIP - Nova Iguaçu";"Duque de Caxias/Nova Iguaçu";"Territorial";"Nova Iguaçu";2020;5;"2020-05";4;13;2;0;0;0;0;0;0
30069669;"1ª PIP - Nova Iguaçu";"Duque de Caxias/Nova Iguaçu";"Territorial";"Nova Iguaçu";2020;6;"2020-06";0;37;0;0;0;0;0;0;0
30069669;"1ª PIP - Nova Iguaçu";"Duque de Caxias/Nova Iguaçu";"Territorial";"Nova Iguaçu";2020;7;"2020-07";1183;62;6;5;1087;0;0;0;1
30069669;"1ª PIP - Nova Iguaçu";"Duque de Caxias/Nova Iguaçu";"Territorial";"Nova Iguaçu";2020;8;"2020-08";253;128;10;28;183;0;0;0;1
30069669;"1ª PIP - Nova Iguaçu";"Duque de Caxias/Nova Iguaçu";"Territorial";"Nova Iguaçu";2020;9;"2020-09";147;59;12;13;82;0;0;0;3
30069669;"1ª PIP - Nova Iguaçu";"Duque de Caxias/Nova Iguaçu";"Territorial";"Nova Iguaçu";2020;10;"2020-10";141;57;8;3;90;0;0;0;1
30069669;"1ª PIP - Nova Iguaçu";"Duque de Caxias/Nova Iguaçu";"Territorial";"Nova Iguaçu";2020;11;"2020-11";163;54;22;36;75;0;0;0;2
30069669;"1ª PIP - Nova Iguaçu";"Duque de Caxias/Nova Iguaçu";"Territorial";"Nova Iguaçu";2020;12;"2020-12";294;55;23;15;194;0;1;0;1
30069669;"1ª PIP - Nova Iguaçu";"Duque de Caxias/Nova Iguaçu";"Territorial";"Nova Iguaçu";2021;1;"2021-01";120;51;6;5;5;0;4;0;3
30069693;"2ª PIP - Nova Iguaçu";"Duque de Caxias/Nova Iguaçu";"Territorial";"Nova Iguaçu";2020;3;"2020-03";405;15;0;1;6;0;0;0;1
30069693;"2ª PIP - Nova Iguaçu";"Duque de Caxias/Nova Iguaçu";"Territorial";"Nova Iguaçu";2020;4;"2020-04";0;2;0;0;0;0;0;0;0
30069693;"2ª PIP - Nova Iguaçu";"Duque de Caxias/Nova Iguaçu";"Territorial";"Nova Iguaçu";2020;5;"2020-05";19;21;8;3;0;0;0;0;1
30069693;"2ª PIP - Nova Iguaçu";"Duque de Caxias/Nova Iguaçu";"Territorial";"Nova Iguaçu";2020;6;"2020-06";9;43;3;2;0;0;0;0;0
30069693;"2ª PIP - Nova Iguaçu";"Duque de Caxias/Nova Iguaçu";"Territorial";"Nova Iguaçu";2020;7;"2020-07";1499;73;23;400;16;0;0;0;2
30069693;"2ª PIP - Nova Iguaçu";"Duque de Caxias/Nova Iguaçu";"Territorial";"Nova Iguaçu";2020;8;"2020-08";881;128;40;1148;14;0;0;0;0
30069693;"2ª PIP - Nova Iguaçu";"Duque de Caxias/Nova Iguaçu";"Territorial";"Nova Iguaçu";2020;9;"2020-09";782;52;29;506;18;0;0;0;0
30069693;"2ª PIP - Nova Iguaçu";"Duque de Caxias/Nova Iguaçu";"Territorial";"Nova Iguaçu";2020;10;"2020-10";585;61;36;837;3;0;0;0;1
30069693;"2ª PIP - Nova Iguaçu";"Duque de Caxias/Nova Iguaçu";"Territorial";"Nova Iguaçu";2020;11;"2020-11";138;49;27;204;4;0;2;0;1
30069693;"2ª PIP - Nova Iguaçu";"Duque de Caxias/Nova Iguaçu";"Territorial";"Nova Iguaçu";2020;12;"2020-12";462;56;15;71;156;0;0;0;0
30069693;"2ª PIP - Nova Iguaçu";"Duque de Caxias/Nova Iguaçu";"Territorial";"Nova Iguaçu";2021;1;"2021-01";384;48;31;144;64;0;2;0;0
30069732;"3ª PIP - Nova Iguaçu";"Duque de Caxias/Nova Iguaçu";"Territorial";"Nova Iguaçu";2020;3;"2020-03";378;17;10;1;310;0;0;0;1
30069732;"3ª PIP - Nova Iguaçu";"Duque de Caxias/Nova Iguaçu";"Territorial";"Nova Iguaçu";2020;4;"2020-04";12;11;11;1;0;0;0;0;1
30069732;"3ª PIP - Nova Iguaçu";"Duque de Caxias/Nova Iguaçu";"Territorial";"Nova Iguaçu";2020;5;"2020-05";2;14;2;0;0;0;0;0;0
30069732;"3ª PIP - Nova Iguaçu";"Duque de Caxias/Nova Iguaçu";"Territorial";"Nova Iguaçu";2020;6;"2020-06";3;39;2;0;1;0;0;0;0
30069732;"3ª PIP - Nova Iguaçu";"Duque de Caxias/Nova Iguaçu";"Territorial";"Nova Iguaçu";2020;7;"2020-07";1710;72;6;2;1617;0;0;0;1
30069732;"3ª PIP - Nova Iguaçu";"Duque de Caxias/Nova Iguaçu";"Territorial";"Nova Iguaçu";2020;8;"2020-08";1525;125;10;119;512;0;0;0;0
30069732;"3ª PIP - Nova Iguaçu";"Duque de Caxias/Nova Iguaçu";"Territorial";"Nova Iguaçu";2020;9;"2020-09";899;53;5;595;583;0;0;0;0
30069732;"3ª PIP - Nova Iguaçu";"Duque de Caxias/Nova Iguaçu";"Territorial";"Nova Iguaçu";2020;10;"2020-10";1156;65;20;749;303;0;0;0;2
30069732;"3ª PIP - Nova Iguaçu";"Duque de Caxias/Nova Iguaçu";"Territorial";"Nova Iguaçu";2020;11;"2020-11";1562;43;35;983;379;0;3;0;1
30069732;"3ª PIP - Nova Iguaçu";"Duque de Caxias/Nova Iguaçu";"Territorial";"Nova Iguaçu";2020;12;"2020-12";785;54;29;552;332;0;4;0;1
30069732;"3ª PIP - Nova Iguaçu";"Duque de Caxias/Nova Iguaçu";"Territorial";"Nova Iguaçu";2021;1;"2021-01";246;49;8;79;26;0;0;0;0
30070041;"4ª PIP - Nova Iguaçu";"Duque de Caxias/Nova Iguaçu";"Territorial";"Nova Iguaçu";2020;3;"2020-03";849;15;13;67;25;0;0;0;1
30070041;"4ª PIP - Nova Iguaçu";"Duque de Caxias/Nova Iguaçu";"Territorial";"Nova Iguaçu";2020;4;"2020-04";0;2;0;0;0;0;0;0;0
30070041;"4ª PIP - Nova Iguaçu";"Duque de Caxias/Nova Iguaçu";"Territorial";"Nova Iguaçu";2020;5;"2020-05";8;16;3;1;0;0;0;0;0
30070041;"4ª PIP - Nova Iguaçu";"Duque de Caxias/Nova Iguaçu";"Territorial";"Nova Iguaçu";2020;6;"2020-06";2;79;0;0;0;0;0;0;0
30070041;"4ª PIP - Nova Iguaçu";"Duque de Caxias/Nova Iguaçu";"Territorial";"Nova Iguaçu";2020;7;"2020-07";758;97;29;394;22;0;0;0;1
30070041;"4ª PIP - Nova Iguaçu";"Duque de Caxias/Nova Iguaçu";"Territorial";"Nova Iguaçu";2020;8;"2020-08";272;137;12;389;10;0;0;0;0
30070041;"4ª PIP - Nova Iguaçu";"Duque de Caxias/Nova Iguaçu";"Territorial";"Nova Iguaçu";2020;9;"2020-09";516;61;29;447;11;0;1;0;0
30070041;"4ª PIP - Nova Iguaçu";"Duque de Caxias/Nova Iguaçu";"Territorial";"Nova Iguaçu";2020;10;"2020-10";489;66;18;352;7;0;0;0;0
30070041;"4ª PIP - Nova Iguaçu";"Duque de Caxias/Nova Iguaçu";"Territorial";"Nova Iguaçu";2020;11;"2020-11";493;58;17;371;26;0;0;0;0
30070041;"4ª PIP - Nova Iguaçu";"Duque de Caxias/Nova Iguaçu";"Territorial";"Nova Iguaçu";2020;12;"2020-12";795;51;20;545;150;0;0;0;0
30070041;"4ª PIP - Nova Iguaçu";"Duque de Caxias/Nova Iguaçu";"Territorial";"Nova Iguaçu";2021;1;"2021-01";767;47;19;342;1;0;0;0;0
30070783;"1ª PIP - Especializada Duque de Caxias/Nova Iguaçu";"Duque de Caxias/Nova Iguaçu";"Especializada";"D. Caxias/N. Iguaçu";2020;3;"2020-03";43;4;2;1;6;1;0;0;10
30070783;"1ª PIP - Especializada Duque de Caxias/Nova Iguaçu";"Duque de Caxias/Nova Iguaçu";"Especializada";"D. Caxias/N. Iguaçu";2020;4;"2020-04";1;0;0;0;0;0;0;0;2
30070783;"1ª PIP - Especializada Duque de Caxias/Nova Iguaçu";"Duque de Caxias/Nova Iguaçu";"Especializada";"D. Caxias/N. Iguaçu";2020;5;"2020-05";1;15;0;0;0;0;0;0;0
30070783;"1ª PIP - Especializada Duque de Caxias/Nova Iguaçu";"Duque de Caxias/Nova Iguaçu";"Especializada";"D. Caxias/N. Iguaçu";2020;6;"2020-06";10;95;3;0;2;0;0;0;1
30070783;"1ª PIP - Especializada Duque de Caxias/Nova Iguaçu";"Duque de Caxias/Nova Iguaçu";"Especializada";"D. Caxias/N. Iguaçu";2020;7;"2020-07";46;30;5;1;10;0;0;0;15
30070783;"1ª PIP - Especializada Duque de Caxias/Nova Iguaçu";"Duque de Caxias/Nova Iguaçu";"Especializada";"D. Caxias/N. Iguaçu";2020;8;"2020-08";87;184;6;7;51;0;0;0;13
30070783;"1ª PIP - Especializada Duque de Caxias/Nova Iguaçu";"Duque de Caxias/Nova Iguaçu";"Especializada";"D. Caxias/N. Iguaçu";2020;9;"2020-09";345;27;7;13;229;0;0;0;10
30070783;"1ª PIP - Especializada Duque de Caxias/Nova Iguaçu";"Duque de Caxias/Nova Iguaçu";"Especializada";"D. Caxias/N. Iguaçu";2020;10;"2020-10";417;20;1;2;238;0;0;1;7
30070783;"1ª PIP - Especializada Duque de Caxias/Nova Iguaçu";"Duque de Caxias/Nova Iguaçu";"Especializada";"D. Caxias/N. Iguaçu";2020;11;"2020-11";680;98;3;4;163;0;1;0;14
30070783;"1ª PIP - Especializada Duque de Caxias/Nova Iguaçu";"Duque de Caxias/Nova Iguaçu";"Especializada";"D. Caxias/N. Iguaçu";2020;12;"2020-12";333;26;5;26;65;0;0;0;9
30070783;"1ª PIP - Especializada Duque de Caxias/Nova Iguaçu";"Duque de Caxias/Nova Iguaçu";"Especializada";"D. Caxias/N. Iguaçu";2021;1;"2021-01";199;24;7;11;16;1;0;0;6
30070806;"2ª PIP - Especializada Duque de Caxias/Nova Iguaçu";"Duque de Caxias/Nova Iguaçu";"Especializada";"D. Caxias/N. Iguaçu";2020;3;"2020-03";77;4;1;16;45;0;0;0;6
30070806;"2ª PIP - Especializada Duque de Caxias/Nova Iguaçu";"Duque de Caxias/Nova Iguaçu";"Especializada";"D. Caxias/N. Iguaçu";2020;4;"2020-04";3;0;0;0;0;0;0;0;3
30070806;"2ª PIP - Especializada Duque de Caxias/Nova Iguaçu";"Duque de Caxias/Nova Iguaçu";"Especializada";"D. Caxias/N. Iguaçu";2020;5;"2020-05";0;20;0;0;0;0;0;0;0
30070806;"2ª PIP - Especializada Duque de Caxias/Nova Iguaçu";"Duque de Caxias/Nova Iguaçu";"Especializada";"D. Caxias/N. Iguaçu";2020;6;"2020-06";4;89;2;0;0;0;0;0;1
30070806;"2ª PIP - Especializada Duque de Caxias/Nova Iguaçu";"Duque de Caxias/Nova Iguaçu";"Especializada";"D. Caxias/N. Iguaçu";2020;7;"2020-07";406;44;8;161;132;1;0;0;15
30070806;"2ª PIP - Especializada Duque de Caxias/Nova Iguaçu";"Duque de Caxias/Nova Iguaçu";"Especializada";"D. Caxias/N. Iguaçu";2020;8;"2020-08";738;188;6;325;218;0;0;0;12
30070806;"2ª PIP - Especializada Duque de Caxias/Nova Iguaçu";"Duque de Caxias/Nova Iguaçu";"Especializada";"D. Caxias/N. Iguaçu";2020;9;"2020-09";1783;21;9;220;803;0;1;0;8
30070806;"2ª PIP - Especializada Duque de Caxias/Nova Iguaçu";"Duque de Caxias/Nova Iguaçu";"Especializada";"D. Caxias/N. Iguaçu";2020;10;"2020-10";144;26;7;950;53;0;0;0;14
30070806;"2ª PIP - Especializada Duque de Caxias/Nova Iguaçu";"Duque de Caxias/Nova Iguaçu";"Especializada";"D. Caxias/N. Iguaçu";2020;11;"2020-11";157;93;8;56;62;0;0;0;6
30070806;"2ª PIP - Especializada Duque de Caxias/Nova Iguaçu";"Duque de Caxias/Nova Iguaçu";"Especializada";"D. Caxias/N. Iguaçu";2020;12;"2020-12";78;13;13;10;24;0;0;0;6
30070806;"2ª PIP - Especializada Duque de Caxias/Nova Iguaçu";"Duque de Caxias/Nova Iguaçu";"Especializada";"D. Caxias/N. Iguaçu";2021;1;"2021-01";369;24;11;24;312;0;0;0;5
