"codigo_pip";"nome_pip";"nucleo";"familia";"area_atuacao";"ano";"mes";"ano_mes";"novos";"denuncias";"arquivamentos"
300977;"PIP - Volta Redonda";"Interior";"Interior";"Volta Redonda";2020;3;"2020-03";59;9;4
300977;"PIP - Volta Redonda";"Interior";"Interior";"Volta Redonda";2020;4;"2020-04";53;6;10
300977;"PIP - Volta Redonda";"Interior";"Interior";"Volta Redonda";2020;5;"2020-05";282;24;11
300977;"PIP - Volta Redonda";"Interior";"Interior";"Volta Redonda";2020;6;"2020-06";212;17;23
300977;"PIP - Volta Redonda";"Interior";"Interior";"Volta Redonda";2020;7;"2020-07";167;31;26
300977;"PIP - Volta Redonda";"Interior";"Interior";"Volta Redonda";2020;8;"2020-08";134;13;18
300977;"PIP - Volta Redonda";"Interior";"Interior";"Volta Redonda";2020;9;"2020-09";128;21;20
300977;"PIP - Volta Redonda";"Interior";"Interior";"Volta Redonda";2020;10;"2020-10";148;26;41
300977;"PIP - Volta Redonda";"Interior";"Interior";"Volta Redonda";2020;11;"2020-11";246;43;32
300977;"PIP - Volta Redonda";"Interior";"Interior";"Volta Redonda";2020;12;"2020-12";63;4;10
300977;"PIP - Volta Redonda";"Interior";"Interior";"Volta Redonda";2021;1;"2021-01";70;0;10
300977;"PIP - Volta Redonda";"Interior";"Interior";"Volta Redonda";2021;2;"2021-02";127;0;1
300987;"PIP - Nova Friburgo";"Interior";"Interior";"Nova Friburgo";2020;3;"2020-03";50;4;2
300987;"PIP - Nova Friburgo";"Interior";"Interior";"Nova Friburgo";2020;4;"2020-04";13;1;2
300987;"PIP - Nova Friburgo";"Interior";"Interior";"Nova Friburgo";2020;5;"2020-05";38;4;3
300987;"PIP - Nova Friburgo";"Interior";"Interior";"Nova Friburgo";2020;6;"2020-06";19;2;1
300987;"PIP - Nova Friburgo";"Interior";"Interior";"Nova Friburgo";2020;7;"2020-07";25;9;4
300987;"PIP - Nova Friburgo";"Interior";"Interior";"Nova Friburgo";2020;8;"2020-08";52;7;6
300987;"PIP - Nova Friburgo";"Interior";"Interior";"Nova Friburgo";2020;9;"2020-09";43;4;4
300987;"PIP - Nova Friburgo";"Interior";"Interior";"Nova Friburgo";2020;10;"2020-10";79;2;5
300987;"PIP - Nova Friburgo";"Interior";"Interior";"Nova Friburgo";2020;11;"2020-11";167;5;5
300987;"PIP - Nova Friburgo";"Interior";"Interior";"Nova Friburgo";2020;12;"2020-12";62;1;8
300987;"PIP - Nova Friburgo";"Interior";"Interior";"Nova Friburgo";2021;1;"2021-01";90;2;2
300987;"PIP - Nova Friburgo";"Interior";"Interior";"Nova Friburgo";2021;2;"2021-02";38;1;0
400731;"2ª PIP - Campos";"Interior";"Interior";"Campos";2020;3;"2020-03";39;12;5
400731;"2ª PIP - Campos";"Interior";"Interior";"Campos";2020;4;"2020-04";14;9;0
400731;"2ª PIP - Campos";"Interior";"Interior";"Campos";2020;5;"2020-05";30;12;0
400731;"2ª PIP - Campos";"Interior";"Interior";"Campos";2020;6;"2020-06";41;13;0
400731;"2ª PIP - Campos";"Interior";"Interior";"Campos";2020;7;"2020-07";115;22;5
400731;"2ª PIP - Campos";"Interior";"Interior";"Campos";2020;8;"2020-08";44;13;1
400731;"2ª PIP - Campos";"Interior";"Interior";"Campos";2020;9;"2020-09";159;19;3
400731;"2ª PIP - Campos";"Interior";"Interior";"Campos";2020;10;"2020-10";187;6;1
400731;"2ª PIP - Campos";"Interior";"Interior";"Campos";2020;11;"2020-11";139;7;3
400731;"2ª PIP - Campos";"Interior";"Interior";"Campos";2020;12;"2020-12";94;3;3
400731;"2ª PIP - Campos";"Interior";"Interior";"Campos";2021;1;"2021-01";53;3;0
400731;"2ª PIP - Campos";"Interior";"Interior";"Campos";2021;2;"2021-02";57;2;0
400736;"PIP - Petrópolis";"Interior";"Interior";"Petrópolis";2020;3;"2020-03";359;103;54
400736;"PIP - Petrópolis";"Interior";"Interior";"Petrópolis";2020;4;"2020-04";165;56;34
400736;"PIP - Petrópolis";"Interior";"Interior";"Petrópolis";2020;5;"2020-05";111;43;30
400736;"PIP - Petrópolis";"Interior";"Interior";"Petrópolis";2020;6;"2020-06";126;44;27
400736;"PIP - Petrópolis";"Interior";"Interior";"Petrópolis";2020;7;"2020-07";225;76;29
400736;"PIP - Petrópolis";"Interior";"Interior";"Petrópolis";2020;8;"2020-08";218;67;35
400736;"PIP - Petrópolis";"Interior";"Interior";"Petrópolis";2020;9;"2020-09";125;50;26
400736;"PIP - Petrópolis";"Interior";"Interior";"Petrópolis";2020;10;"2020-10";197;53;21
400736;"PIP - Petrópolis";"Interior";"Interior";"Petrópolis";2020;11;"2020-11";168;59;19
400736;"PIP - Petrópolis";"Interior";"Interior";"Petrópolis";2020;12;"2020-12";105;33;28
400736;"PIP - Petrópolis";"Interior";"Interior";"Petrópolis";2021;1;"2021-01";192;23;11
400736;"PIP - Petrópolis";"Interior";"Interior";"Petrópolis";2021;2;"2021-02";189;3;0
400758;"1ª PIP - Campos";"Interior";"Interior";"Campos";2020;3;"2020-03";56;16;2
400758;"1ª PIP - Campos";"Interior";"Interior";"Campos";2020;4;"2020-04";17;13;1
400758;"1ª PIP - Campos";"Interior";"Interior";"Campos";2020;5;"2020-05";31;18;5
400758;"1ª PIP - Campos";"Interior";"Interior";"Campos";2020;6;"2020-06";28;18;1
400758;"1ª PIP - Campos";"Interior";"Interior";"Campos";2020;7;"2020-07";137;64;6
400758;"1ª PIP - Campos";"Interior";"Interior";"Campos";2020;8;"2020-08";47;40;1
400758;"1ª PIP - Campos";"Interior";"Interior";"Campos";2020;9;"2020-09";182;27;5
400758;"1ª PIP - Campos";"Interior";"Interior";"Campos";2020;10;"2020-10";259;21;3
400758;"1ª PIP - Campos";"Interior";"Interior";"Campos";2020;11;"2020-11";136;24;3
400758;"1ª PIP - Campos";"Interior";"Interior";"Campos";2020;12;"2020-12";83;12;1
400758;"1ª PIP - Campos";"Interior";"Interior";"Campos";2021;1;"2021-01";68;3;0
400758;"1ª PIP - Campos";"Interior";"Interior";"Campos";2021;2;"2021-02";149;0;2
1249804;"PIP - Macaé";"Interior";"Interior";"Macaé";2020;3;"2020-03";81;23;10
1249804;"PIP - Macaé";"Interior";"Interior";"Macaé";2020;4;"2020-04";6;3;0
1249804;"PIP - Macaé";"Interior";"Interior";"Macaé";2020;5;"2020-05";37;14;3
1249804;"PIP - Macaé";"Interior";"Interior";"Macaé";2020;6;"2020-06";54;15;5
1249804;"PIP - Macaé";"Interior";"Interior";"Macaé";2020;7;"2020-07";128;18;8
1249804;"PIP - Macaé";"Interior";"Interior";"Macaé";2020;8;"2020-08";184;19;14
1249804;"PIP - Macaé";"Interior";"Interior";"Macaé";2020;9;"2020-09";116;6;13
1249804;"PIP - Macaé";"Interior";"Interior";"Macaé";2020;10;"2020-10";201;24;21
1249804;"PIP - Macaé";"Interior";"Interior";"Macaé";2020;11;"2020-11";59;8;8
1249804;"PIP - Macaé";"Interior";"Interior";"Macaé";2020;12;"2020-12";82;13;11
1249804;"PIP - Macaé";"Interior";"Interior";"Macaé";2021;1;"2021-01";93;0;4
1249804;"PIP - Macaé";"Interior";"Interior";"Macaé";2021;2;"2021-02";121;0;1
5679985;"PIP - Cabo Frio";"Interior";"Interior";"Cabo Frio";2020;3;"2020-03";262;23;13
5679985;"PIP - Cabo Frio";"Interior";"Interior";"Cabo Frio";2020;4;"2020-04";18;9;2
5679985;"PIP - Cabo Frio";"Interior";"Interior";"Cabo Frio";2020;5;"2020-05";15;6;0
5679985;"PIP - Cabo Frio";"Interior";"Interior";"Cabo Frio";2020;6;"2020-06";18;4;1
5679985;"PIP - Cabo Frio";"Interior";"Interior";"Cabo Frio";2020;7;"2020-07";67;22;9
5679985;"PIP - Cabo Frio";"Interior";"Interior";"Cabo Frio";2020;8;"2020-08";114;23;15
5679985;"PIP - Cabo Frio";"Interior";"Interior";"Cabo Frio";2020;9;"2020-09";128;10;10
5679985;"PIP - Cabo Frio";"Interior";"Interior";"Cabo Frio";2020;10;"2020-10";24;5;1
5679985;"PIP - Cabo Frio";"Interior";"Interior";"Cabo Frio";2020;11;"2020-11";41;16;7
5679985;"PIP - Cabo Frio";"Interior";"Interior";"Cabo Frio";2020;12;"2020-12";35;8;7
5679985;"PIP - Cabo Frio";"Interior";"Interior";"Cabo Frio";2021;1;"2021-01";45;2;2
5679985;"PIP - Cabo Frio";"Interior";"Interior";"Cabo Frio";2021;2;"2021-02";22;0;0
6115386;"PIP - Barra Mansa";"Interior";"Interior";"Barra Mansa";2020;3;"2020-03";69;10;6
6115386;"PIP - Barra Mansa";"Interior";"Interior";"Barra Mansa";2020;4;"2020-04";35;9;3
6115386;"PIP - Barra Mansa";"Interior";"Interior";"Barra Mansa";2020;5;"2020-05";36;11;1
6115386;"PIP - Barra Mansa";"Interior";"Interior";"Barra Mansa";2020;6;"2020-06";92;19;22
6115386;"PIP - Barra Mansa";"Interior";"Interior";"Barra Mansa";2020;7;"2020-07";183;26;15
6115386;"PIP - Barra Mansa";"Interior";"Interior";"Barra Mansa";2020;8;"2020-08";139;12;15
6115386;"PIP - Barra Mansa";"Interior";"Interior";"Barra Mansa";2020;9;"2020-09";93;15;6
6115386;"PIP - Barra Mansa";"Interior";"Interior";"Barra Mansa";2020;10;"2020-10";133;21;9
6115386;"PIP - Barra Mansa";"Interior";"Interior";"Barra Mansa";2020;11;"2020-11";220;12;4
6115386;"PIP - Barra Mansa";"Interior";"Interior";"Barra Mansa";2020;12;"2020-12";36;7;0
6115386;"PIP - Barra Mansa";"Interior";"Interior";"Barra Mansa";2021;1;"2021-01";95;5;0
6115386;"PIP - Barra Mansa";"Interior";"Interior";"Barra Mansa";2021;2;"2021-02";133;1;3
7419262;"PIP - Itaboraí";"Interior";"Interior";"Itaboraí";2020;3;"2020-03";60;17;8
7419262;"PIP - Itaboraí";"Interior";"Interior";"Itaboraí";2020;4;"2020-04";26;3;6
7419262;"PIP - Itaboraí";"Interior";"Interior";"Itaboraí";2020;5;"2020-05";17;4;1
7419262;"PIP - Itaboraí";"Interior";"Interior";"Itaboraí";2020;6;"2020-06";22;11;3
7419262;"PIP - Itaboraí";"Interior";"Interior";"Itaboraí";2020;7;"2020-07";33;16;3
7419262;"PIP - Itaboraí";"Interior";"Interior";"Itaboraí";2020;8;"2020-08";63;11;5
7419262;"PIP - Itaboraí";"Interior";"Interior";"Itaboraí";2020;9;"2020-09";29;8;5
7419262;"PIP - Itaboraí";"Interior";"Interior";"Itaboraí";2020;10;"2020-10";45;15;7
7419262;"PIP - Itaboraí";"Interior";"Interior";"Itaboraí";2020;11;"2020-11";22;6;4
7419262;"PIP - Itaboraí";"Interior";"Interior";"Itaboraí";2020;12;"2020-12";25;5;3
7419262;"PIP - Itaboraí";"Interior";"Interior";"Itaboraí";2021;1;"2021-01";25;3;2
7419262;"PIP - Itaboraí";"Interior";"Interior";"Itaboraí";2021;2;"2021-02";27;5;4
7419344;"PIP - Itaguaí";"Interior";"Interior";"Itaguaí";2020;3;"2020-03";22;3;4
7419344;"PIP - Itaguaí";"Interior";"Interior";"Itaguaí";2020;4;"2020-04";19;6;2
7419344;"PIP - Itaguaí";"Interior";"Interior";"Itaguaí";2020;5;"2020-05";47;9;5
7419344;"PIP - Itaguaí";"Interior";"Interior";"Itaguaí";2020;6;"2020-06";7;3;1
7419344;"PIP - Itaguaí";"Interior";"Interior";"Itaguaí";2020;7;"2020-07";173;39;20
7419344;"PIP - Itaguaí";"Interior";"Interior";"Itaguaí";2020;8;"2020-08";246;40;19
7419344;"PIP - Itaguaí";"Interior";"Interior";"Itaguaí";2020;9;"2020-09";23;10;4
7419344;"PIP - Itaguaí";"Interior";"Interior";"Itaguaí";2020;10;"2020-10";43;11;11
7419344;"PIP - Itaguaí";"Interior";"Interior";"Itaguaí";2020;11;"2020-11";69;15;13
7419344;"PIP - Itaguaí";"Interior";"Interior";"Itaguaí";2020;12;"2020-12";18;8;6
7419344;"PIP - Itaguaí";"Interior";"Interior";"Itaguaí";2021;1;"2021-01";27;1;6
7419344;"PIP - Itaguaí";"Interior";"Interior";"Itaguaí";2021;2;"2021-02";15;1;0
29926583;"1ª PIP - Botafogo/Copacabana";"Rio de Janeiro";"Territorial";"Botafogo/Copacabana";2020;3;"2020-03";16;12;1
29926583;"1ª PIP - Botafogo/Copacabana";"Rio de Janeiro";"Territorial";"Botafogo/Copacabana";2020;4;"2020-04";7;4;0
29926583;"1ª PIP - Botafogo/Copacabana";"Rio de Janeiro";"Territorial";"Botafogo/Copacabana";2020;5;"2020-05";2;0;0
29926583;"1ª PIP - Botafogo/Copacabana";"Rio de Janeiro";"Territorial";"Botafogo/Copacabana";2020;6;"2020-06";8;8;0
29926583;"1ª PIP - Botafogo/Copacabana";"Rio de Janeiro";"Territorial";"Botafogo/Copacabana";2020;7;"2020-07";95;28;3
29926583;"1ª PIP - Botafogo/Copacabana";"Rio de Janeiro";"Territorial";"Botafogo/Copacabana";2020;8;"2020-08";162;16;23
29926583;"1ª PIP - Botafogo/Copacabana";"Rio de Janeiro";"Territorial";"Botafogo/Copacabana";2020;9;"2020-09";148;18;5
29926583;"1ª PIP - Botafogo/Copacabana";"Rio de Janeiro";"Territorial";"Botafogo/Copacabana";2020;10;"2020-10";144;13;5
29926583;"1ª PIP - Botafogo/Copacabana";"Rio de Janeiro";"Territorial";"Botafogo/Copacabana";2020;11;"2020-11";203;8;4
29926583;"1ª PIP - Botafogo/Copacabana";"Rio de Janeiro";"Territorial";"Botafogo/Copacabana";2020;12;"2020-12";129;6;5
29926583;"1ª PIP - Botafogo/Copacabana";"Rio de Janeiro";"Territorial";"Botafogo/Copacabana";2021;1;"2021-01";107;15;1
29926583;"1ª PIP - Botafogo/Copacabana";"Rio de Janeiro";"Territorial";"Botafogo/Copacabana";2021;2;"2021-02";84;15;3
29926616;"2ª PIP - Botafogo/Copacabana";"Rio de Janeiro";"Territorial";"Botafogo/Copacabana";2020;3;"2020-03";15;9;0
29926616;"2ª PIP - Botafogo/Copacabana";"Rio de Janeiro";"Territorial";"Botafogo/Copacabana";2020;4;"2020-04";7;5;0
29926616;"2ª PIP - Botafogo/Copacabana";"Rio de Janeiro";"Territorial";"Botafogo/Copacabana";2020;5;"2020-05";1;1;0
29926616;"2ª PIP - Botafogo/Copacabana";"Rio de Janeiro";"Territorial";"Botafogo/Copacabana";2020;6;"2020-06";9;6;0
29926616;"2ª PIP - Botafogo/Copacabana";"Rio de Janeiro";"Territorial";"Botafogo/Copacabana";2020;7;"2020-07";91;15;4
29926616;"2ª PIP - Botafogo/Copacabana";"Rio de Janeiro";"Territorial";"Botafogo/Copacabana";2020;8;"2020-08";168;23;31
29926616;"2ª PIP - Botafogo/Copacabana";"Rio de Janeiro";"Territorial";"Botafogo/Copacabana";2020;9;"2020-09";136;24;8
29926616;"2ª PIP - Botafogo/Copacabana";"Rio de Janeiro";"Territorial";"Botafogo/Copacabana";2020;10;"2020-10";154;12;9
29926616;"2ª PIP - Botafogo/Copacabana";"Rio de Janeiro";"Territorial";"Botafogo/Copacabana";2020;11;"2020-11";209;22;8
29926616;"2ª PIP - Botafogo/Copacabana";"Rio de Janeiro";"Territorial";"Botafogo/Copacabana";2020;12;"2020-12";143;8;3
29926616;"2ª PIP - Botafogo/Copacabana";"Rio de Janeiro";"Territorial";"Botafogo/Copacabana";2021;1;"2021-01";98;4;1
29926616;"2ª PIP - Botafogo/Copacabana";"Rio de Janeiro";"Territorial";"Botafogo/Copacabana";2021;2;"2021-02";87;1;0
29926805;"1ª PIP - Centro/Zona Portuária";"Rio de Janeiro";"Territorial";"Centro/Zona Portuária";2020;3;"2020-03";8;5;0
29926805;"1ª PIP - Centro/Zona Portuária";"Rio de Janeiro";"Territorial";"Centro/Zona Portuária";2020;4;"2020-04";6;1;0
29926805;"1ª PIP - Centro/Zona Portuária";"Rio de Janeiro";"Territorial";"Centro/Zona Portuária";2020;5;"2020-05";11;5;0
29926805;"1ª PIP - Centro/Zona Portuária";"Rio de Janeiro";"Territorial";"Centro/Zona Portuária";2020;6;"2020-06";1;0;0
29926805;"1ª PIP - Centro/Zona Portuária";"Rio de Janeiro";"Territorial";"Centro/Zona Portuária";2020;7;"2020-07";106;11;4
29926805;"1ª PIP - Centro/Zona Portuária";"Rio de Janeiro";"Territorial";"Centro/Zona Portuária";2020;8;"2020-08";164;23;2
29926805;"1ª PIP - Centro/Zona Portuária";"Rio de Janeiro";"Territorial";"Centro/Zona Portuária";2020;9;"2020-09";88;12;3
29926805;"1ª PIP - Centro/Zona Portuária";"Rio de Janeiro";"Territorial";"Centro/Zona Portuária";2020;10;"2020-10";108;5;7
29926805;"1ª PIP - Centro/Zona Portuária";"Rio de Janeiro";"Territorial";"Centro/Zona Portuária";2020;11;"2020-11";108;2;0
29926805;"1ª PIP - Centro/Zona Portuária";"Rio de Janeiro";"Territorial";"Centro/Zona Portuária";2020;12;"2020-12";293;2;9
29926805;"1ª PIP - Centro/Zona Portuária";"Rio de Janeiro";"Territorial";"Centro/Zona Portuária";2021;1;"2021-01";352;0;0
29926805;"1ª PIP - Centro/Zona Portuária";"Rio de Janeiro";"Territorial";"Centro/Zona Portuária";2021;2;"2021-02";298;0;0
29927047;"2ª PIP - Centro/Zona Portuária";"Rio de Janeiro";"Territorial";"Centro/Zona Portuária";2020;3;"2020-03";12;11;0
29927047;"2ª PIP - Centro/Zona Portuária";"Rio de Janeiro";"Territorial";"Centro/Zona Portuária";2020;4;"2020-04";6;6;0
29927047;"2ª PIP - Centro/Zona Portuária";"Rio de Janeiro";"Territorial";"Centro/Zona Portuária";2020;5;"2020-05";12;6;0
29927047;"2ª PIP - Centro/Zona Portuária";"Rio de Janeiro";"Territorial";"Centro/Zona Portuária";2020;6;"2020-06";2;0;0
29927047;"2ª PIP - Centro/Zona Portuária";"Rio de Janeiro";"Territorial";"Centro/Zona Portuária";2020;7;"2020-07";117;28;7
29927047;"2ª PIP - Centro/Zona Portuária";"Rio de Janeiro";"Territorial";"Centro/Zona Portuária";2020;8;"2020-08";156;32;15
29927047;"2ª PIP - Centro/Zona Portuária";"Rio de Janeiro";"Territorial";"Centro/Zona Portuária";2020;9;"2020-09";103;9;14
29927047;"2ª PIP - Centro/Zona Portuária";"Rio de Janeiro";"Territorial";"Centro/Zona Portuária";2020;10;"2020-10";143;16;21
29927047;"2ª PIP - Centro/Zona Portuária";"Rio de Janeiro";"Territorial";"Centro/Zona Portuária";2020;11;"2020-11";111;4;29
29927047;"2ª PIP - Centro/Zona Portuária";"Rio de Janeiro";"Territorial";"Centro/Zona Portuária";2020;12;"2020-12";131;4;16
29927047;"2ª PIP - Centro/Zona Portuária";"Rio de Janeiro";"Territorial";"Centro/Zona Portuária";2021;1;"2021-01";107;4;2
29927047;"2ª PIP - Centro/Zona Portuária";"Rio de Janeiro";"Territorial";"Centro/Zona Portuária";2021;2;"2021-02";134;13;0
29933374;"3ª PIP - Centro/Zona Portuária";"Rio de Janeiro";"Territorial";"Centro/Zona Portuária";2020;3;"2020-03";14;11;0
29933374;"3ª PIP - Centro/Zona Portuária";"Rio de Janeiro";"Territorial";"Centro/Zona Portuária";2020;4;"2020-04";6;6;0
29933374;"3ª PIP - Centro/Zona Portuária";"Rio de Janeiro";"Territorial";"Centro/Zona Portuária";2020;5;"2020-05";11;5;0
29933374;"3ª PIP - Centro/Zona Portuária";"Rio de Janeiro";"Territorial";"Centro/Zona Portuária";2020;6;"2020-06";9;1;0
29933374;"3ª PIP - Centro/Zona Portuária";"Rio de Janeiro";"Territorial";"Centro/Zona Portuária";2020;7;"2020-07";104;15;6
29933374;"3ª PIP - Centro/Zona Portuária";"Rio de Janeiro";"Territorial";"Centro/Zona Portuária";2020;8;"2020-08";168;25;4
29933374;"3ª PIP - Centro/Zona Portuária";"Rio de Janeiro";"Territorial";"Centro/Zona Portuária";2020;9;"2020-09";82;6;6
29933374;"3ª PIP - Centro/Zona Portuária";"Rio de Janeiro";"Territorial";"Centro/Zona Portuária";2020;10;"2020-10";155;16;8
29933374;"3ª PIP - Centro/Zona Portuária";"Rio de Janeiro";"Territorial";"Centro/Zona Portuária";2020;11;"2020-11";122;2;2
29933374;"3ª PIP - Centro/Zona Portuária";"Rio de Janeiro";"Territorial";"Centro/Zona Portuária";2020;12;"2020-12";133;4;0
29933374;"3ª PIP - Centro/Zona Portuária";"Rio de Janeiro";"Territorial";"Centro/Zona Portuária";2021;1;"2021-01";111;2;0
29933374;"3ª PIP - Centro/Zona Portuária";"Rio de Janeiro";"Territorial";"Centro/Zona Portuária";2021;2;"2021-02";90;1;0
29933418;"1ª PIP - Méier/Tijuca";"Rio de Janeiro";"Territorial";"Méier/Tijuca";2020;3;"2020-03";6;3;0
29933418;"1ª PIP - Méier/Tijuca";"Rio de Janeiro";"Territorial";"Méier/Tijuca";2020;4;"2020-04";10;9;0
29933418;"1ª PIP - Méier/Tijuca";"Rio de Janeiro";"Territorial";"Méier/Tijuca";2020;5;"2020-05";7;6;0
29933418;"1ª PIP - Méier/Tijuca";"Rio de Janeiro";"Territorial";"Méier/Tijuca";2020;6;"2020-06";5;2;0
29933418;"1ª PIP - Méier/Tijuca";"Rio de Janeiro";"Territorial";"Méier/Tijuca";2020;7;"2020-07";55;14;5
29933418;"1ª PIP - Méier/Tijuca";"Rio de Janeiro";"Territorial";"Méier/Tijuca";2020;8;"2020-08";130;32;9
29933418;"1ª PIP - Méier/Tijuca";"Rio de Janeiro";"Territorial";"Méier/Tijuca";2020;9;"2020-09";73;16;7
29933418;"1ª PIP - Méier/Tijuca";"Rio de Janeiro";"Territorial";"Méier/Tijuca";2020;10;"2020-10";120;9;3
29933418;"1ª PIP - Méier/Tijuca";"Rio de Janeiro";"Territorial";"Méier/Tijuca";2020;11;"2020-11";55;9;2
29933418;"1ª PIP - Méier/Tijuca";"Rio de Janeiro";"Territorial";"Méier/Tijuca";2020;12;"2020-12";41;5;2
29933418;"1ª PIP - Méier/Tijuca";"Rio de Janeiro";"Territorial";"Méier/Tijuca";2021;1;"2021-01";39;10;0
29933418;"1ª PIP - Méier/Tijuca";"Rio de Janeiro";"Territorial";"Méier/Tijuca";2021;2;"2021-02";44;2;1
29933469;"2ª PIP - Méier/Tijuca";"Rio de Janeiro";"Territorial";"Méier/Tijuca";2020;3;"2020-03";9;5;0
29933469;"2ª PIP - Méier/Tijuca";"Rio de Janeiro";"Territorial";"Méier/Tijuca";2020;4;"2020-04";7;7;0
29933469;"2ª PIP - Méier/Tijuca";"Rio de Janeiro";"Territorial";"Méier/Tijuca";2020;5;"2020-05";11;9;0
29933469;"2ª PIP - Méier/Tijuca";"Rio de Janeiro";"Territorial";"Méier/Tijuca";2020;6;"2020-06";8;2;0
29933469;"2ª PIP - Méier/Tijuca";"Rio de Janeiro";"Territorial";"Méier/Tijuca";2020;7;"2020-07";55;17;2
29933469;"2ª PIP - Méier/Tijuca";"Rio de Janeiro";"Territorial";"Méier/Tijuca";2020;8;"2020-08";122;23;7
29933469;"2ª PIP - Méier/Tijuca";"Rio de Janeiro";"Territorial";"Méier/Tijuca";2020;9;"2020-09";79;10;1
29933469;"2ª PIP - Méier/Tijuca";"Rio de Janeiro";"Territorial";"Méier/Tijuca";2020;10;"2020-10";109;13;2
29933469;"2ª PIP - Méier/Tijuca";"Rio de Janeiro";"Territorial";"Méier/Tijuca";2020;11;"2020-11";56;4;0
29933469;"2ª PIP - Méier/Tijuca";"Rio de Janeiro";"Territorial";"Méier/Tijuca";2020;12;"2020-12";47;2;2
29933469;"2ª PIP - Méier/Tijuca";"Rio de Janeiro";"Territorial";"Méier/Tijuca";2021;1;"2021-01";30;5;0
29933469;"2ª PIP - Méier/Tijuca";"Rio de Janeiro";"Territorial";"Méier/Tijuca";2021;2;"2021-02";48;2;0
29933470;"3ª PIP - Méier/Tijuca";"Rio de Janeiro";"Territorial";"Méier/Tijuca";2020;3;"2020-03";6;4;1
29933470;"3ª PIP - Méier/Tijuca";"Rio de Janeiro";"Territorial";"Méier/Tijuca";2020;4;"2020-04";7;7;0
29933470;"3ª PIP - Méier/Tijuca";"Rio de Janeiro";"Territorial";"Méier/Tijuca";2020;5;"2020-05";10;7;1
29933470;"3ª PIP - Méier/Tijuca";"Rio de Janeiro";"Territorial";"Méier/Tijuca";2020;6;"2020-06";5;4;0
29933470;"3ª PIP - Méier/Tijuca";"Rio de Janeiro";"Territorial";"Méier/Tijuca";2020;7;"2020-07";60;14;6
29933470;"3ª PIP - Méier/Tijuca";"Rio de Janeiro";"Territorial";"Méier/Tijuca";2020;8;"2020-08";125;53;4
29933470;"3ª PIP - Méier/Tijuca";"Rio de Janeiro";"Territorial";"Méier/Tijuca";2020;9;"2020-09";78;27;5
29933470;"3ª PIP - Méier/Tijuca";"Rio de Janeiro";"Territorial";"Méier/Tijuca";2020;10;"2020-10";109;21;5
29933470;"3ª PIP - Méier/Tijuca";"Rio de Janeiro";"Territorial";"Méier/Tijuca";2020;11;"2020-11";51;12;3
29933470;"3ª PIP - Méier/Tijuca";"Rio de Janeiro";"Territorial";"Méier/Tijuca";2020;12;"2020-12";43;6;2
29933470;"3ª PIP - Méier/Tijuca";"Rio de Janeiro";"Territorial";"Méier/Tijuca";2021;1;"2021-01";35;6;1
29933470;"3ª PIP - Méier/Tijuca";"Rio de Janeiro";"Territorial";"Méier/Tijuca";2021;2;"2021-02";47;3;0
29933490;"4ª PIP - Méier/Tijuca";"Rio de Janeiro";"Territorial";"Méier/Tijuca";2020;3;"2020-03";7;1;0
29933490;"4ª PIP - Méier/Tijuca";"Rio de Janeiro";"Territorial";"Méier/Tijuca";2020;4;"2020-04";10;9;0
29933490;"4ª PIP - Méier/Tijuca";"Rio de Janeiro";"Territorial";"Méier/Tijuca";2020;5;"2020-05";9;9;0
29933490;"4ª PIP - Méier/Tijuca";"Rio de Janeiro";"Territorial";"Méier/Tijuca";2020;6;"2020-06";8;5;1
29933490;"4ª PIP - Méier/Tijuca";"Rio de Janeiro";"Territorial";"Méier/Tijuca";2020;7;"2020-07";53;16;3
29933490;"4ª PIP - Méier/Tijuca";"Rio de Janeiro";"Territorial";"Méier/Tijuca";2020;8;"2020-08";128;32;9
29933490;"4ª PIP - Méier/Tijuca";"Rio de Janeiro";"Territorial";"Méier/Tijuca";2020;9;"2020-09";75;23;3
29933490;"4ª PIP - Méier/Tijuca";"Rio de Janeiro";"Territorial";"Méier/Tijuca";2020;10;"2020-10";114;17;17
29933490;"4ª PIP - Méier/Tijuca";"Rio de Janeiro";"Territorial";"Méier/Tijuca";2020;11;"2020-11";59;11;4
29933490;"4ª PIP - Méier/Tijuca";"Rio de Janeiro";"Territorial";"Méier/Tijuca";2020;12;"2020-12";49;8;5
29933490;"4ª PIP - Méier/Tijuca";"Rio de Janeiro";"Territorial";"Méier/Tijuca";2021;1;"2021-01";36;10;4
29933490;"4ª PIP - Méier/Tijuca";"Rio de Janeiro";"Territorial";"Méier/Tijuca";2021;2;"2021-02";48;1;2
29933502;"1ª PIP - Ilha/Bonsucesso";"Rio de Janeiro";"Territorial";"Ilha/Bonsucesso";2020;3;"2020-03";42;6;7
29933502;"1ª PIP - Ilha/Bonsucesso";"Rio de Janeiro";"Territorial";"Ilha/Bonsucesso";2020;4;"2020-04";2;2;0
29933502;"1ª PIP - Ilha/Bonsucesso";"Rio de Janeiro";"Territorial";"Ilha/Bonsucesso";2020;5;"2020-05";6;2;1
29933502;"1ª PIP - Ilha/Bonsucesso";"Rio de Janeiro";"Territorial";"Ilha/Bonsucesso";2020;6;"2020-06";6;3;0
29933502;"1ª PIP - Ilha/Bonsucesso";"Rio de Janeiro";"Territorial";"Ilha/Bonsucesso";2020;7;"2020-07";119;21;23
29933502;"1ª PIP - Ilha/Bonsucesso";"Rio de Janeiro";"Territorial";"Ilha/Bonsucesso";2020;8;"2020-08";225;59;43
29933502;"1ª PIP - Ilha/Bonsucesso";"Rio de Janeiro";"Territorial";"Ilha/Bonsucesso";2020;9;"2020-09";153;22;24
29933502;"1ª PIP - Ilha/Bonsucesso";"Rio de Janeiro";"Territorial";"Ilha/Bonsucesso";2020;10;"2020-10";75;14;14
29933502;"1ª PIP - Ilha/Bonsucesso";"Rio de Janeiro";"Territorial";"Ilha/Bonsucesso";2020;11;"2020-11";74;16;7
29933502;"1ª PIP - Ilha/Bonsucesso";"Rio de Janeiro";"Territorial";"Ilha/Bonsucesso";2020;12;"2020-12";75;12;5
29933502;"1ª PIP - Ilha/Bonsucesso";"Rio de Janeiro";"Territorial";"Ilha/Bonsucesso";2021;1;"2021-01";43;10;7
29933502;"1ª PIP - Ilha/Bonsucesso";"Rio de Janeiro";"Territorial";"Ilha/Bonsucesso";2021;2;"2021-02";69;6;2
29933521;"2ª PIP - Ilha/Bonsucesso";"Rio de Janeiro";"Territorial";"Ilha/Bonsucesso";2020;3;"2020-03";27;9;6
29933521;"2ª PIP - Ilha/Bonsucesso";"Rio de Janeiro";"Territorial";"Ilha/Bonsucesso";2020;4;"2020-04";1;1;0
29933521;"2ª PIP - Ilha/Bonsucesso";"Rio de Janeiro";"Territorial";"Ilha/Bonsucesso";2020;5;"2020-05";2;0;0
29933521;"2ª PIP - Ilha/Bonsucesso";"Rio de Janeiro";"Territorial";"Ilha/Bonsucesso";2020;6;"2020-06";3;1;0
29933521;"2ª PIP - Ilha/Bonsucesso";"Rio de Janeiro";"Territorial";"Ilha/Bonsucesso";2020;7;"2020-07";101;9;15
29933521;"2ª PIP - Ilha/Bonsucesso";"Rio de Janeiro";"Territorial";"Ilha/Bonsucesso";2020;8;"2020-08";149;31;12
29933521;"2ª PIP - Ilha/Bonsucesso";"Rio de Janeiro";"Territorial";"Ilha/Bonsucesso";2020;9;"2020-09";91;12;3
29933521;"2ª PIP - Ilha/Bonsucesso";"Rio de Janeiro";"Territorial";"Ilha/Bonsucesso";2020;10;"2020-10";63;10;4
29933521;"2ª PIP - Ilha/Bonsucesso";"Rio de Janeiro";"Territorial";"Ilha/Bonsucesso";2020;11;"2020-11";53;8;3
29933521;"2ª PIP - Ilha/Bonsucesso";"Rio de Janeiro";"Territorial";"Ilha/Bonsucesso";2020;12;"2020-12";39;6;2
29933521;"2ª PIP - Ilha/Bonsucesso";"Rio de Janeiro";"Territorial";"Ilha/Bonsucesso";2021;1;"2021-01";29;7;2
29933521;"2ª PIP - Ilha/Bonsucesso";"Rio de Janeiro";"Territorial";"Ilha/Bonsucesso";2021;2;"2021-02";44;5;0
29933590;"1ª PIP - Penha/Irajá";"Rio de Janeiro";"Territorial";"Penha/Irajá";2020;3;"2020-03";6;4;1
29933590;"1ª PIP - Penha/Irajá";"Rio de Janeiro";"Territorial";"Penha/Irajá";2020;4;"2020-04";8;7;0
29933590;"1ª PIP - Penha/Irajá";"Rio de Janeiro";"Territorial";"Penha/Irajá";2020;5;"2020-05";6;4;0
29933590;"1ª PIP - Penha/Irajá";"Rio de Janeiro";"Territorial";"Penha/Irajá";2020;6;"2020-06";14;10;0
29933590;"1ª PIP - Penha/Irajá";"Rio de Janeiro";"Territorial";"Penha/Irajá";2020;7;"2020-07";138;49;4
29933590;"1ª PIP - Penha/Irajá";"Rio de Janeiro";"Territorial";"Penha/Irajá";2020;8;"2020-08";114;33;10
29933590;"1ª PIP - Penha/Irajá";"Rio de Janeiro";"Territorial";"Penha/Irajá";2020;9;"2020-09";101;16;5
29933590;"1ª PIP - Penha/Irajá";"Rio de Janeiro";"Territorial";"Penha/Irajá";2020;10;"2020-10";125;20;5
29933590;"1ª PIP - Penha/Irajá";"Rio de Janeiro";"Territorial";"Penha/Irajá";2020;11;"2020-11";68;12;5
29933590;"1ª PIP - Penha/Irajá";"Rio de Janeiro";"Territorial";"Penha/Irajá";2020;12;"2020-12";89;14;0
29933590;"1ª PIP - Penha/Irajá";"Rio de Janeiro";"Territorial";"Penha/Irajá";2021;1;"2021-01";74;8;1
29933590;"1ª PIP - Penha/Irajá";"Rio de Janeiro";"Territorial";"Penha/Irajá";2021;2;"2021-02";84;2;0
29933830;"2ª PIP - Penha/Irajá";"Rio de Janeiro";"Territorial";"Penha/Irajá";2020;3;"2020-03";10;9;0
29933830;"2ª PIP - Penha/Irajá";"Rio de Janeiro";"Territorial";"Penha/Irajá";2020;4;"2020-04";5;4;0
29933830;"2ª PIP - Penha/Irajá";"Rio de Janeiro";"Territorial";"Penha/Irajá";2020;5;"2020-05";6;4;1
29933830;"2ª PIP - Penha/Irajá";"Rio de Janeiro";"Territorial";"Penha/Irajá";2020;6;"2020-06";18;15;1
29933830;"2ª PIP - Penha/Irajá";"Rio de Janeiro";"Territorial";"Penha/Irajá";2020;7;"2020-07";120;46;5
29933830;"2ª PIP - Penha/Irajá";"Rio de Janeiro";"Territorial";"Penha/Irajá";2020;8;"2020-08";106;16;14
29933830;"2ª PIP - Penha/Irajá";"Rio de Janeiro";"Territorial";"Penha/Irajá";2020;9;"2020-09";90;19;5
29933830;"2ª PIP - Penha/Irajá";"Rio de Janeiro";"Territorial";"Penha/Irajá";2020;10;"2020-10";121;20;6
29933830;"2ª PIP - Penha/Irajá";"Rio de Janeiro";"Territorial";"Penha/Irajá";2020;11;"2020-11";67;12;3
29933830;"2ª PIP - Penha/Irajá";"Rio de Janeiro";"Territorial";"Penha/Irajá";2020;12;"2020-12";100;11;0
29933830;"2ª PIP - Penha/Irajá";"Rio de Janeiro";"Territorial";"Penha/Irajá";2021;1;"2021-01";91;7;1
29933830;"2ª PIP - Penha/Irajá";"Rio de Janeiro";"Territorial";"Penha/Irajá";2021;2;"2021-02";97;1;0
29933850;"3ª PIP - Penha/Irajá";"Rio de Janeiro";"Territorial";"Penha/Irajá";2020;3;"2020-03";6;4;0
29933850;"3ª PIP - Penha/Irajá";"Rio de Janeiro";"Territorial";"Penha/Irajá";2020;4;"2020-04";9;7;0
29933850;"3ª PIP - Penha/Irajá";"Rio de Janeiro";"Territorial";"Penha/Irajá";2020;5;"2020-05";5;2;0
29933850;"3ª PIP - Penha/Irajá";"Rio de Janeiro";"Territorial";"Penha/Irajá";2020;6;"2020-06";19;14;0
29933850;"3ª PIP - Penha/Irajá";"Rio de Janeiro";"Territorial";"Penha/Irajá";2020;7;"2020-07";129;52;7
29933850;"3ª PIP - Penha/Irajá";"Rio de Janeiro";"Territorial";"Penha/Irajá";2020;8;"2020-08";107;30;6
29933850;"3ª PIP - Penha/Irajá";"Rio de Janeiro";"Territorial";"Penha/Irajá";2020;9;"2020-09";94;23;2
29933850;"3ª PIP - Penha/Irajá";"Rio de Janeiro";"Territorial";"Penha/Irajá";2020;10;"2020-10";127;22;7
29933850;"3ª PIP - Penha/Irajá";"Rio de Janeiro";"Territorial";"Penha/Irajá";2020;11;"2020-11";63;15;2
29933850;"3ª PIP - Penha/Irajá";"Rio de Janeiro";"Territorial";"Penha/Irajá";2020;12;"2020-12";78;12;6
29933850;"3ª PIP - Penha/Irajá";"Rio de Janeiro";"Territorial";"Penha/Irajá";2021;1;"2021-01";50;12;2
29933850;"3ª PIP - Penha/Irajá";"Rio de Janeiro";"Territorial";"Penha/Irajá";2021;2;"2021-02";81;4;2
29933955;"1ª PIP - Madureira/Jacarepaguá";"Rio de Janeiro";"Territorial";"Madureira/Jacarepaguá";2020;3;"2020-03";13;8;0
29933955;"1ª PIP - Madureira/Jacarepaguá";"Rio de Janeiro";"Territorial";"Madureira/Jacarepaguá";2020;4;"2020-04";14;11;0
29933955;"1ª PIP - Madureira/Jacarepaguá";"Rio de Janeiro";"Territorial";"Madureira/Jacarepaguá";2020;5;"2020-05";10;6;0
29933955;"1ª PIP - Madureira/Jacarepaguá";"Rio de Janeiro";"Territorial";"Madureira/Jacarepaguá";2020;6;"2020-06";23;7;3
29933955;"1ª PIP - Madureira/Jacarepaguá";"Rio de Janeiro";"Territorial";"Madureira/Jacarepaguá";2020;7;"2020-07";228;19;14
29933955;"1ª PIP - Madureira/Jacarepaguá";"Rio de Janeiro";"Territorial";"Madureira/Jacarepaguá";2020;8;"2020-08";131;18;11
29933955;"1ª PIP - Madureira/Jacarepaguá";"Rio de Janeiro";"Territorial";"Madureira/Jacarepaguá";2020;9;"2020-09";189;15;13
29933955;"1ª PIP - Madureira/Jacarepaguá";"Rio de Janeiro";"Territorial";"Madureira/Jacarepaguá";2020;10;"2020-10";124;18;9
29933955;"1ª PIP - Madureira/Jacarepaguá";"Rio de Janeiro";"Territorial";"Madureira/Jacarepaguá";2020;11;"2020-11";94;14;1
29933955;"1ª PIP - Madureira/Jacarepaguá";"Rio de Janeiro";"Territorial";"Madureira/Jacarepaguá";2020;12;"2020-12";130;12;6
29933955;"1ª PIP - Madureira/Jacarepaguá";"Rio de Janeiro";"Territorial";"Madureira/Jacarepaguá";2021;1;"2021-01";94;16;3
29933955;"1ª PIP - Madureira/Jacarepaguá";"Rio de Janeiro";"Territorial";"Madureira/Jacarepaguá";2021;2;"2021-02";57;0;2
29933967;"2ª PIP - Madureira/Jacarepaguá";"Rio de Janeiro";"Territorial";"Madureira/Jacarepaguá";2020;3;"2020-03";22;17;0
29933967;"2ª PIP - Madureira/Jacarepaguá";"Rio de Janeiro";"Territorial";"Madureira/Jacarepaguá";2020;4;"2020-04";7;6;0
29933967;"2ª PIP - Madureira/Jacarepaguá";"Rio de Janeiro";"Territorial";"Madureira/Jacarepaguá";2020;5;"2020-05";10;5;0
29933967;"2ª PIP - Madureira/Jacarepaguá";"Rio de Janeiro";"Territorial";"Madureira/Jacarepaguá";2020;6;"2020-06";27;6;0
29933967;"2ª PIP - Madureira/Jacarepaguá";"Rio de Janeiro";"Territorial";"Madureira/Jacarepaguá";2020;7;"2020-07";227;19;3
29933967;"2ª PIP - Madureira/Jacarepaguá";"Rio de Janeiro";"Territorial";"Madureira/Jacarepaguá";2020;8;"2020-08";140;16;13
29933967;"2ª PIP - Madureira/Jacarepaguá";"Rio de Janeiro";"Territorial";"Madureira/Jacarepaguá";2020;9;"2020-09";179;17;10
29933967;"2ª PIP - Madureira/Jacarepaguá";"Rio de Janeiro";"Territorial";"Madureira/Jacarepaguá";2020;10;"2020-10";112;7;2
29933967;"2ª PIP - Madureira/Jacarepaguá";"Rio de Janeiro";"Territorial";"Madureira/Jacarepaguá";2020;11;"2020-11";91;5;3
29933967;"2ª PIP - Madureira/Jacarepaguá";"Rio de Janeiro";"Territorial";"Madureira/Jacarepaguá";2020;12;"2020-12";131;12;1
29933967;"2ª PIP - Madureira/Jacarepaguá";"Rio de Janeiro";"Territorial";"Madureira/Jacarepaguá";2021;1;"2021-01";94;10;0
29933967;"2ª PIP - Madureira/Jacarepaguá";"Rio de Janeiro";"Territorial";"Madureira/Jacarepaguá";2021;2;"2021-02";62;0;0
29933988;"3ª PIP - Madureira/Jacarepaguá";"Rio de Janeiro";"Territorial";"Madureira/Jacarepaguá";2020;3;"2020-03";21;8;2
29933988;"3ª PIP - Madureira/Jacarepaguá";"Rio de Janeiro";"Territorial";"Madureira/Jacarepaguá";2020;4;"2020-04";13;9;0
29933988;"3ª PIP - Madureira/Jacarepaguá";"Rio de Janeiro";"Territorial";"Madureira/Jacarepaguá";2020;5;"2020-05";9;3;0
29933988;"3ª PIP - Madureira/Jacarepaguá";"Rio de Janeiro";"Territorial";"Madureira/Jacarepaguá";2020;6;"2020-06";20;6;1
29933988;"3ª PIP - Madureira/Jacarepaguá";"Rio de Janeiro";"Territorial";"Madureira/Jacarepaguá";2020;7;"2020-07";232;9;1
29933988;"3ª PIP - Madureira/Jacarepaguá";"Rio de Janeiro";"Territorial";"Madureira/Jacarepaguá";2020;8;"2020-08";141;12;10
29933988;"3ª PIP - Madureira/Jacarepaguá";"Rio de Janeiro";"Territorial";"Madureira/Jacarepaguá";2020;9;"2020-09";164;5;3
29933988;"3ª PIP - Madureira/Jacarepaguá";"Rio de Janeiro";"Territorial";"Madureira/Jacarepaguá";2020;10;"2020-10";126;6;2
29933988;"3ª PIP - Madureira/Jacarepaguá";"Rio de Janeiro";"Territorial";"Madureira/Jacarepaguá";2020;11;"2020-11";81;4;1
29933988;"3ª PIP - Madureira/Jacarepaguá";"Rio de Janeiro";"Territorial";"Madureira/Jacarepaguá";2020;12;"2020-12";127;3;1
29933988;"3ª PIP - Madureira/Jacarepaguá";"Rio de Janeiro";"Territorial";"Madureira/Jacarepaguá";2021;1;"2021-01";96;0;0
29933988;"3ª PIP - Madureira/Jacarepaguá";"Rio de Janeiro";"Territorial";"Madureira/Jacarepaguá";2021;2;"2021-02";55;0;0
29934004;"1ª PIP - Bangu/Campo Grande";"Rio de Janeiro";"Territorial";"Bangu/Campo Grande";2020;3;"2020-03";11;3;0
29934004;"1ª PIP - Bangu/Campo Grande";"Rio de Janeiro";"Territorial";"Bangu/Campo Grande";2020;4;"2020-04";1;0;0
29934004;"1ª PIP - Bangu/Campo Grande";"Rio de Janeiro";"Territorial";"Bangu/Campo Grande";2020;5;"2020-05";2;0;1
29934004;"1ª PIP - Bangu/Campo Grande";"Rio de Janeiro";"Territorial";"Bangu/Campo Grande";2020;6;"2020-06";3;1;0
29934004;"1ª PIP - Bangu/Campo Grande";"Rio de Janeiro";"Territorial";"Bangu/Campo Grande";2020;7;"2020-07";152;6;0
29934004;"1ª PIP - Bangu/Campo Grande";"Rio de Janeiro";"Territorial";"Bangu/Campo Grande";2020;8;"2020-08";48;4;1
29934004;"1ª PIP - Bangu/Campo Grande";"Rio de Janeiro";"Territorial";"Bangu/Campo Grande";2020;9;"2020-09";61;3;2
29934004;"1ª PIP - Bangu/Campo Grande";"Rio de Janeiro";"Territorial";"Bangu/Campo Grande";2020;10;"2020-10";79;3;2
29934004;"1ª PIP - Bangu/Campo Grande";"Rio de Janeiro";"Territorial";"Bangu/Campo Grande";2020;11;"2020-11";86;4;1
29934004;"1ª PIP - Bangu/Campo Grande";"Rio de Janeiro";"Territorial";"Bangu/Campo Grande";2020;12;"2020-12";68;5;4
29934004;"1ª PIP - Bangu/Campo Grande";"Rio de Janeiro";"Territorial";"Bangu/Campo Grande";2021;1;"2021-01";119;1;5
29934004;"1ª PIP - Bangu/Campo Grande";"Rio de Janeiro";"Territorial";"Bangu/Campo Grande";2021;2;"2021-02";62;3;1
29934012;"2ª PIP - Bangu/Campo Grande";"Rio de Janeiro";"Territorial";"Bangu/Campo Grande";2020;3;"2020-03";50;5;1
29934012;"2ª PIP - Bangu/Campo Grande";"Rio de Janeiro";"Territorial";"Bangu/Campo Grande";2020;4;"2020-04";3;3;0
29934012;"2ª PIP - Bangu/Campo Grande";"Rio de Janeiro";"Territorial";"Bangu/Campo Grande";2020;5;"2020-05";7;2;1
29934012;"2ª PIP - Bangu/Campo Grande";"Rio de Janeiro";"Territorial";"Bangu/Campo Grande";2020;6;"2020-06";10;4;0
29934012;"2ª PIP - Bangu/Campo Grande";"Rio de Janeiro";"Territorial";"Bangu/Campo Grande";2020;7;"2020-07";149;20;17
29934012;"2ª PIP - Bangu/Campo Grande";"Rio de Janeiro";"Territorial";"Bangu/Campo Grande";2020;8;"2020-08";62;6;3
29934012;"2ª PIP - Bangu/Campo Grande";"Rio de Janeiro";"Territorial";"Bangu/Campo Grande";2020;9;"2020-09";83;14;7
29934012;"2ª PIP - Bangu/Campo Grande";"Rio de Janeiro";"Territorial";"Bangu/Campo Grande";2020;10;"2020-10";120;4;18
29934012;"2ª PIP - Bangu/Campo Grande";"Rio de Janeiro";"Territorial";"Bangu/Campo Grande";2020;11;"2020-11";116;8;11
29934012;"2ª PIP - Bangu/Campo Grande";"Rio de Janeiro";"Territorial";"Bangu/Campo Grande";2020;12;"2020-12";75;6;7
29934012;"2ª PIP - Bangu/Campo Grande";"Rio de Janeiro";"Territorial";"Bangu/Campo Grande";2021;1;"2021-01";118;6;6
29934012;"2ª PIP - Bangu/Campo Grande";"Rio de Janeiro";"Territorial";"Bangu/Campo Grande";2021;2;"2021-02";78;4;10
29934277;"3ª PIP - Bangu/Campo Grande";"Rio de Janeiro";"Territorial";"Bangu/Campo Grande";2020;3;"2020-03";12;4;0
29934277;"3ª PIP - Bangu/Campo Grande";"Rio de Janeiro";"Territorial";"Bangu/Campo Grande";2020;4;"2020-04";3;3;0
29934277;"3ª PIP - Bangu/Campo Grande";"Rio de Janeiro";"Territorial";"Bangu/Campo Grande";2020;5;"2020-05";3;0;0
29934277;"3ª PIP - Bangu/Campo Grande";"Rio de Janeiro";"Territorial";"Bangu/Campo Grande";2020;6;"2020-06";8;2;2
29934277;"3ª PIP - Bangu/Campo Grande";"Rio de Janeiro";"Territorial";"Bangu/Campo Grande";2020;7;"2020-07";131;6;2
29934277;"3ª PIP - Bangu/Campo Grande";"Rio de Janeiro";"Territorial";"Bangu/Campo Grande";2020;8;"2020-08";51;0;0
29934277;"3ª PIP - Bangu/Campo Grande";"Rio de Janeiro";"Territorial";"Bangu/Campo Grande";2020;9;"2020-09";60;0;2
29934277;"3ª PIP - Bangu/Campo Grande";"Rio de Janeiro";"Territorial";"Bangu/Campo Grande";2020;10;"2020-10";60;0;0
29934277;"3ª PIP - Bangu/Campo Grande";"Rio de Janeiro";"Territorial";"Bangu/Campo Grande";2020;11;"2020-11";78;0;1
29934277;"3ª PIP - Bangu/Campo Grande";"Rio de Janeiro";"Territorial";"Bangu/Campo Grande";2020;12;"2020-12";68;2;1
29934277;"3ª PIP - Bangu/Campo Grande";"Rio de Janeiro";"Territorial";"Bangu/Campo Grande";2021;1;"2021-01";109;0;0
29934277;"3ª PIP - Bangu/Campo Grande";"Rio de Janeiro";"Territorial";"Bangu/Campo Grande";2021;2;"2021-02";54;0;0
29934303;"1ª PIP - Zona Sul/Barra";"Rio de Janeiro";"Territorial";"Zona Sul/Barra";2020;3;"2020-03";45;6;5
29934303;"1ª PIP - Zona Sul/Barra";"Rio de Janeiro";"Territorial";"Zona Sul/Barra";2020;4;"2020-04";8;5;0
29934303;"1ª PIP - Zona Sul/Barra";"Rio de Janeiro";"Territorial";"Zona Sul/Barra";2020;5;"2020-05";3;2;0
29934303;"1ª PIP - Zona Sul/Barra";"Rio de Janeiro";"Territorial";"Zona Sul/Barra";2020;6;"2020-06";22;10;0
29934303;"1ª PIP - Zona Sul/Barra";"Rio de Janeiro";"Territorial";"Zona Sul/Barra";2020;7;"2020-07";151;47;18
29934303;"1ª PIP - Zona Sul/Barra";"Rio de Janeiro";"Territorial";"Zona Sul/Barra";2020;8;"2020-08";120;41;21
29934303;"1ª PIP - Zona Sul/Barra";"Rio de Janeiro";"Territorial";"Zona Sul/Barra";2020;9;"2020-09";114;17;11
29934303;"1ª PIP - Zona Sul/Barra";"Rio de Janeiro";"Territorial";"Zona Sul/Barra";2020;10;"2020-10";161;12;6
29934303;"1ª PIP - Zona Sul/Barra";"Rio de Janeiro";"Territorial";"Zona Sul/Barra";2020;11;"2020-11";79;6;2
29934303;"1ª PIP - Zona Sul/Barra";"Rio de Janeiro";"Territorial";"Zona Sul/Barra";2020;12;"2020-12";113;12;5
29934303;"1ª PIP - Zona Sul/Barra";"Rio de Janeiro";"Territorial";"Zona Sul/Barra";2021;1;"2021-01";130;9;3
29934303;"1ª PIP - Zona Sul/Barra";"Rio de Janeiro";"Territorial";"Zona Sul/Barra";2021;2;"2021-02";83;1;0
29934337;"2ª PIP - Zona Sul/Barra";"Rio de Janeiro";"Territorial";"Zona Sul/Barra";2020;3;"2020-03";48;15;10
29934337;"2ª PIP - Zona Sul/Barra";"Rio de Janeiro";"Territorial";"Zona Sul/Barra";2020;4;"2020-04";9;8;0
29934337;"2ª PIP - Zona Sul/Barra";"Rio de Janeiro";"Territorial";"Zona Sul/Barra";2020;5;"2020-05";4;3;0
29934337;"2ª PIP - Zona Sul/Barra";"Rio de Janeiro";"Territorial";"Zona Sul/Barra";2020;6;"2020-06";23;4;2
29934337;"2ª PIP - Zona Sul/Barra";"Rio de Janeiro";"Territorial";"Zona Sul/Barra";2020;7;"2020-07";147;49;14
29934337;"2ª PIP - Zona Sul/Barra";"Rio de Janeiro";"Territorial";"Zona Sul/Barra";2020;8;"2020-08";111;30;10
29934337;"2ª PIP - Zona Sul/Barra";"Rio de Janeiro";"Territorial";"Zona Sul/Barra";2020;9;"2020-09";114;22;13
29934337;"2ª PIP - Zona Sul/Barra";"Rio de Janeiro";"Territorial";"Zona Sul/Barra";2020;10;"2020-10";166;30;9
29934337;"2ª PIP - Zona Sul/Barra";"Rio de Janeiro";"Territorial";"Zona Sul/Barra";2020;11;"2020-11";83;23;5
29934337;"2ª PIP - Zona Sul/Barra";"Rio de Janeiro";"Territorial";"Zona Sul/Barra";2020;12;"2020-12";109;18;9
29934337;"2ª PIP - Zona Sul/Barra";"Rio de Janeiro";"Territorial";"Zona Sul/Barra";2021;1;"2021-01";134;17;8
29934337;"2ª PIP - Zona Sul/Barra";"Rio de Janeiro";"Territorial";"Zona Sul/Barra";2021;2;"2021-02";87;5;2
29934363;"1ª PIP - Santa Cruz";"Rio de Janeiro";"Territorial";"Santa Cruz";2020;3;"2020-03";26;5;4
29934363;"1ª PIP - Santa Cruz";"Rio de Janeiro";"Territorial";"Santa Cruz";2020;4;"2020-04";1;1;0
29934363;"1ª PIP - Santa Cruz";"Rio de Janeiro";"Territorial";"Santa Cruz";2020;5;"2020-05";2;2;0
29934363;"1ª PIP - Santa Cruz";"Rio de Janeiro";"Territorial";"Santa Cruz";2020;6;"2020-06";3;3;0
29934363;"1ª PIP - Santa Cruz";"Rio de Janeiro";"Territorial";"Santa Cruz";2020;7;"2020-07";47;4;12
29934363;"1ª PIP - Santa Cruz";"Rio de Janeiro";"Territorial";"Santa Cruz";2020;8;"2020-08";73;17;13
29934363;"1ª PIP - Santa Cruz";"Rio de Janeiro";"Territorial";"Santa Cruz";2020;9;"2020-09";75;15;7
29934363;"1ª PIP - Santa Cruz";"Rio de Janeiro";"Territorial";"Santa Cruz";2020;10;"2020-10";136;13;10
29934363;"1ª PIP - Santa Cruz";"Rio de Janeiro";"Territorial";"Santa Cruz";2020;11;"2020-11";99;1;4
29934363;"1ª PIP - Santa Cruz";"Rio de Janeiro";"Territorial";"Santa Cruz";2020;12;"2020-12";50;7;2
29934363;"1ª PIP - Santa Cruz";"Rio de Janeiro";"Territorial";"Santa Cruz";2021;1;"2021-01";156;4;9
29934363;"1ª PIP - Santa Cruz";"Rio de Janeiro";"Territorial";"Santa Cruz";2021;2;"2021-02";75;2;4
29934376;"2ª PIP - Santa Cruz";"Rio de Janeiro";"Territorial";"Santa Cruz";2020;3;"2020-03";28;4;0
29934376;"2ª PIP - Santa Cruz";"Rio de Janeiro";"Territorial";"Santa Cruz";2020;4;"2020-04";1;1;0
29934376;"2ª PIP - Santa Cruz";"Rio de Janeiro";"Territorial";"Santa Cruz";2020;5;"2020-05";1;1;0
29934376;"2ª PIP - Santa Cruz";"Rio de Janeiro";"Territorial";"Santa Cruz";2020;6;"2020-06";2;2;0
29934376;"2ª PIP - Santa Cruz";"Rio de Janeiro";"Territorial";"Santa Cruz";2020;7;"2020-07";30;6;6
29934376;"2ª PIP - Santa Cruz";"Rio de Janeiro";"Territorial";"Santa Cruz";2020;8;"2020-08";49;8;2
29934376;"2ª PIP - Santa Cruz";"Rio de Janeiro";"Territorial";"Santa Cruz";2020;9;"2020-09";58;7;1
29934376;"2ª PIP - Santa Cruz";"Rio de Janeiro";"Territorial";"Santa Cruz";2020;10;"2020-10";91;3;7
29934376;"2ª PIP - Santa Cruz";"Rio de Janeiro";"Territorial";"Santa Cruz";2020;11;"2020-11";62;5;1
29934376;"2ª PIP - Santa Cruz";"Rio de Janeiro";"Territorial";"Santa Cruz";2020;12;"2020-12";27;2;6
29934376;"2ª PIP - Santa Cruz";"Rio de Janeiro";"Territorial";"Santa Cruz";2021;1;"2021-01";112;1;0
29934376;"2ª PIP - Santa Cruz";"Rio de Janeiro";"Territorial";"Santa Cruz";2021;2;"2021-02";65;0;1
29934401;"1ª PIP - VD Oeste/Jacarepaguá";"Rio de Janeiro";"Violência contra mulher";"Área Oeste/Jacarepaguá";2020;3;"2020-03";174;31;30
29934401;"1ª PIP - VD Oeste/Jacarepaguá";"Rio de Janeiro";"Violência contra mulher";"Área Oeste/Jacarepaguá";2020;4;"2020-04";3;1;0
29934401;"1ª PIP - VD Oeste/Jacarepaguá";"Rio de Janeiro";"Violência contra mulher";"Área Oeste/Jacarepaguá";2020;5;"2020-05";8;5;1
29934401;"1ª PIP - VD Oeste/Jacarepaguá";"Rio de Janeiro";"Violência contra mulher";"Área Oeste/Jacarepaguá";2020;6;"2020-06";139;29;26
29934401;"1ª PIP - VD Oeste/Jacarepaguá";"Rio de Janeiro";"Violência contra mulher";"Área Oeste/Jacarepaguá";2020;7;"2020-07";533;115;49
29934401;"1ª PIP - VD Oeste/Jacarepaguá";"Rio de Janeiro";"Violência contra mulher";"Área Oeste/Jacarepaguá";2020;8;"2020-08";453;68;15
29934401;"1ª PIP - VD Oeste/Jacarepaguá";"Rio de Janeiro";"Violência contra mulher";"Área Oeste/Jacarepaguá";2020;9;"2020-09";392;63;17
29934401;"1ª PIP - VD Oeste/Jacarepaguá";"Rio de Janeiro";"Violência contra mulher";"Área Oeste/Jacarepaguá";2020;10;"2020-10";305;34;6
29934401;"1ª PIP - VD Oeste/Jacarepaguá";"Rio de Janeiro";"Violência contra mulher";"Área Oeste/Jacarepaguá";2020;11;"2020-11";392;12;10
29934401;"1ª PIP - VD Oeste/Jacarepaguá";"Rio de Janeiro";"Violência contra mulher";"Área Oeste/Jacarepaguá";2020;12;"2020-12";448;1;3
29934401;"1ª PIP - VD Oeste/Jacarepaguá";"Rio de Janeiro";"Violência contra mulher";"Área Oeste/Jacarepaguá";2021;1;"2021-01";314;0;6
29934401;"1ª PIP - VD Oeste/Jacarepaguá";"Rio de Janeiro";"Violência contra mulher";"Área Oeste/Jacarepaguá";2021;2;"2021-02";274;0;1
29934732;"2ª PIP - VD Oeste/Jacarepaguá";"Rio de Janeiro";"Violência contra mulher";"Área Oeste/Jacarepaguá";2020;3;"2020-03";180;47;43
29934732;"2ª PIP - VD Oeste/Jacarepaguá";"Rio de Janeiro";"Violência contra mulher";"Área Oeste/Jacarepaguá";2020;4;"2020-04";3;1;0
29934732;"2ª PIP - VD Oeste/Jacarepaguá";"Rio de Janeiro";"Violência contra mulher";"Área Oeste/Jacarepaguá";2020;5;"2020-05";5;2;0
29934732;"2ª PIP - VD Oeste/Jacarepaguá";"Rio de Janeiro";"Violência contra mulher";"Área Oeste/Jacarepaguá";2020;6;"2020-06";126;39;20
29934732;"2ª PIP - VD Oeste/Jacarepaguá";"Rio de Janeiro";"Violência contra mulher";"Área Oeste/Jacarepaguá";2020;7;"2020-07";515;135;63
29934732;"2ª PIP - VD Oeste/Jacarepaguá";"Rio de Janeiro";"Violência contra mulher";"Área Oeste/Jacarepaguá";2020;8;"2020-08";457;98;62
29934732;"2ª PIP - VD Oeste/Jacarepaguá";"Rio de Janeiro";"Violência contra mulher";"Área Oeste/Jacarepaguá";2020;9;"2020-09";390;91;57
29934732;"2ª PIP - VD Oeste/Jacarepaguá";"Rio de Janeiro";"Violência contra mulher";"Área Oeste/Jacarepaguá";2020;10;"2020-10";329;56;42
29934732;"2ª PIP - VD Oeste/Jacarepaguá";"Rio de Janeiro";"Violência contra mulher";"Área Oeste/Jacarepaguá";2020;11;"2020-11";391;67;43
29934732;"2ª PIP - VD Oeste/Jacarepaguá";"Rio de Janeiro";"Violência contra mulher";"Área Oeste/Jacarepaguá";2020;12;"2020-12";478;80;50
29934732;"2ª PIP - VD Oeste/Jacarepaguá";"Rio de Janeiro";"Violência contra mulher";"Área Oeste/Jacarepaguá";2021;1;"2021-01";321;19;23
29934732;"2ª PIP - VD Oeste/Jacarepaguá";"Rio de Janeiro";"Violência contra mulher";"Área Oeste/Jacarepaguá";2021;2;"2021-02";285;5;1
29941061;"1ª PIP - VD Centro";"Rio de Janeiro";"Violência contra mulher";"Área Centro";2020;3;"2020-03";26;10;9
29941061;"1ª PIP - VD Centro";"Rio de Janeiro";"Violência contra mulher";"Área Centro";2020;4;"2020-04";1;0;0
29941061;"1ª PIP - VD Centro";"Rio de Janeiro";"Violência contra mulher";"Área Centro";2020;5;"2020-05";15;12;2
29941061;"1ª PIP - VD Centro";"Rio de Janeiro";"Violência contra mulher";"Área Centro";2020;6;"2020-06";167;86;39
29941061;"1ª PIP - VD Centro";"Rio de Janeiro";"Violência contra mulher";"Área Centro";2020;7;"2020-07";327;124;79
29941061;"1ª PIP - VD Centro";"Rio de Janeiro";"Violência contra mulher";"Área Centro";2020;8;"2020-08";649;266;167
29941061;"1ª PIP - VD Centro";"Rio de Janeiro";"Violência contra mulher";"Área Centro";2020;9;"2020-09";409;136;69
29941061;"1ª PIP - VD Centro";"Rio de Janeiro";"Violência contra mulher";"Área Centro";2020;10;"2020-10";314;78;38
29941061;"1ª PIP - VD Centro";"Rio de Janeiro";"Violência contra mulher";"Área Centro";2020;11;"2020-11";223;78;14
29941061;"1ª PIP - VD Centro";"Rio de Janeiro";"Violência contra mulher";"Área Centro";2020;12;"2020-12";282;85;14
29941061;"1ª PIP - VD Centro";"Rio de Janeiro";"Violência contra mulher";"Área Centro";2021;1;"2021-01";322;113;20
29941061;"1ª PIP - VD Centro";"Rio de Janeiro";"Violência contra mulher";"Área Centro";2021;2;"2021-02";268;46;16
29941071;"2ª PIP - VD Centro";"Rio de Janeiro";"Violência contra mulher";"Área Centro";2020;3;"2020-03";28;12;7
29941071;"2ª PIP - VD Centro";"Rio de Janeiro";"Violência contra mulher";"Área Centro";2020;4;"2020-04";3;3;0
29941071;"2ª PIP - VD Centro";"Rio de Janeiro";"Violência contra mulher";"Área Centro";2020;5;"2020-05";14;9;2
29941071;"2ª PIP - VD Centro";"Rio de Janeiro";"Violência contra mulher";"Área Centro";2020;6;"2020-06";163;108;25
29941071;"2ª PIP - VD Centro";"Rio de Janeiro";"Violência contra mulher";"Área Centro";2020;7;"2020-07";339;159;51
29941071;"2ª PIP - VD Centro";"Rio de Janeiro";"Violência contra mulher";"Área Centro";2020;8;"2020-08";656;337;95
29941071;"2ª PIP - VD Centro";"Rio de Janeiro";"Violência contra mulher";"Área Centro";2020;9;"2020-09";362;157;39
29941071;"2ª PIP - VD Centro";"Rio de Janeiro";"Violência contra mulher";"Área Centro";2020;10;"2020-10";310;118;26
29941071;"2ª PIP - VD Centro";"Rio de Janeiro";"Violência contra mulher";"Área Centro";2020;11;"2020-11";207;64;11
29941071;"2ª PIP - VD Centro";"Rio de Janeiro";"Violência contra mulher";"Área Centro";2020;12;"2020-12";277;129;19
29941071;"2ª PIP - VD Centro";"Rio de Janeiro";"Violência contra mulher";"Área Centro";2021;1;"2021-01";330;119;21
29941071;"2ª PIP - VD Centro";"Rio de Janeiro";"Violência contra mulher";"Área Centro";2021;2;"2021-02";268;30;4
29941099;"1ª PIP - Especializada Rio de Janeiro";"Rio de Janeiro";"Especializada";"Rio de Janeiro";2020;3;"2020-03";11;1;0
29941099;"1ª PIP - Especializada Rio de Janeiro";"Rio de Janeiro";"Especializada";"Rio de Janeiro";2020;4;"2020-04";2;1;0
29941099;"1ª PIP - Especializada Rio de Janeiro";"Rio de Janeiro";"Especializada";"Rio de Janeiro";2020;5;"2020-05";7;1;0
29941099;"1ª PIP - Especializada Rio de Janeiro";"Rio de Janeiro";"Especializada";"Rio de Janeiro";2020;6;"2020-06";19;5;1
29941099;"1ª PIP - Especializada Rio de Janeiro";"Rio de Janeiro";"Especializada";"Rio de Janeiro";2020;7;"2020-07";97;5;3
29941099;"1ª PIP - Especializada Rio de Janeiro";"Rio de Janeiro";"Especializada";"Rio de Janeiro";2020;8;"2020-08";67;5;6
29941099;"1ª PIP - Especializada Rio de Janeiro";"Rio de Janeiro";"Especializada";"Rio de Janeiro";2020;9;"2020-09";78;0;8
29941099;"1ª PIP - Especializada Rio de Janeiro";"Rio de Janeiro";"Especializada";"Rio de Janeiro";2020;10;"2020-10";127;2;2
29941099;"1ª PIP - Especializada Rio de Janeiro";"Rio de Janeiro";"Especializada";"Rio de Janeiro";2020;11;"2020-11";127;1;6
29941099;"1ª PIP - Especializada Rio de Janeiro";"Rio de Janeiro";"Especializada";"Rio de Janeiro";2020;12;"2020-12";48;3;2
29941099;"1ª PIP - Especializada Rio de Janeiro";"Rio de Janeiro";"Especializada";"Rio de Janeiro";2021;1;"2021-01";60;3;1
29941099;"1ª PIP - Especializada Rio de Janeiro";"Rio de Janeiro";"Especializada";"Rio de Janeiro";2021;2;"2021-02";94;0;1
29941140;"2ª PIP - Especializada Rio de Janeiro";"Rio de Janeiro";"Especializada";"Rio de Janeiro";2020;3;"2020-03";13;2;0
29941140;"2ª PIP - Especializada Rio de Janeiro";"Rio de Janeiro";"Especializada";"Rio de Janeiro";2020;4;"2020-04";4;2;0
29941140;"2ª PIP - Especializada Rio de Janeiro";"Rio de Janeiro";"Especializada";"Rio de Janeiro";2020;5;"2020-05";12;6;2
29941140;"2ª PIP - Especializada Rio de Janeiro";"Rio de Janeiro";"Especializada";"Rio de Janeiro";2020;6;"2020-06";30;0;2
29941140;"2ª PIP - Especializada Rio de Janeiro";"Rio de Janeiro";"Especializada";"Rio de Janeiro";2020;7;"2020-07";108;5;10
29941140;"2ª PIP - Especializada Rio de Janeiro";"Rio de Janeiro";"Especializada";"Rio de Janeiro";2020;8;"2020-08";62;4;8
29941140;"2ª PIP - Especializada Rio de Janeiro";"Rio de Janeiro";"Especializada";"Rio de Janeiro";2020;9;"2020-09";75;2;8
29941140;"2ª PIP - Especializada Rio de Janeiro";"Rio de Janeiro";"Especializada";"Rio de Janeiro";2020;10;"2020-10";117;1;11
29941140;"2ª PIP - Especializada Rio de Janeiro";"Rio de Janeiro";"Especializada";"Rio de Janeiro";2020;11;"2020-11";112;4;7
29941140;"2ª PIP - Especializada Rio de Janeiro";"Rio de Janeiro";"Especializada";"Rio de Janeiro";2020;12;"2020-12";38;1;4
29941140;"2ª PIP - Especializada Rio de Janeiro";"Rio de Janeiro";"Especializada";"Rio de Janeiro";2021;1;"2021-01";33;4;5
29941140;"2ª PIP - Especializada Rio de Janeiro";"Rio de Janeiro";"Especializada";"Rio de Janeiro";2021;2;"2021-02";94;0;4
29941222;"3ª PIP - Especializada Rio de Janeiro";"Rio de Janeiro";"Especializada";"Rio de Janeiro";2020;3;"2020-03";13;7;0
29941222;"3ª PIP - Especializada Rio de Janeiro";"Rio de Janeiro";"Especializada";"Rio de Janeiro";2020;4;"2020-04";2;1;0
29941222;"3ª PIP - Especializada Rio de Janeiro";"Rio de Janeiro";"Especializada";"Rio de Janeiro";2020;5;"2020-05";8;1;1
29941222;"3ª PIP - Especializada Rio de Janeiro";"Rio de Janeiro";"Especializada";"Rio de Janeiro";2020;6;"2020-06";19;2;0
29941222;"3ª PIP - Especializada Rio de Janeiro";"Rio de Janeiro";"Especializada";"Rio de Janeiro";2020;7;"2020-07";105;9;2
29941222;"3ª PIP - Especializada Rio de Janeiro";"Rio de Janeiro";"Especializada";"Rio de Janeiro";2020;8;"2020-08";80;12;9
29941222;"3ª PIP - Especializada Rio de Janeiro";"Rio de Janeiro";"Especializada";"Rio de Janeiro";2020;9;"2020-09";73;10;6
29941222;"3ª PIP - Especializada Rio de Janeiro";"Rio de Janeiro";"Especializada";"Rio de Janeiro";2020;10;"2020-10";113;6;5
29941222;"3ª PIP - Especializada Rio de Janeiro";"Rio de Janeiro";"Especializada";"Rio de Janeiro";2020;11;"2020-11";123;2;1
29941222;"3ª PIP - Especializada Rio de Janeiro";"Rio de Janeiro";"Especializada";"Rio de Janeiro";2020;12;"2020-12";52;0;1
29941222;"3ª PIP - Especializada Rio de Janeiro";"Rio de Janeiro";"Especializada";"Rio de Janeiro";2021;1;"2021-01";27;0;1
29941222;"3ª PIP - Especializada Rio de Janeiro";"Rio de Janeiro";"Especializada";"Rio de Janeiro";2021;2;"2021-02";93;0;0
29941251;"4ª PIP - Especializada Rio de Janeiro";"Rio de Janeiro";"Especializada";"Rio de Janeiro";2020;3;"2020-03";13;4;0
29941251;"4ª PIP - Especializada Rio de Janeiro";"Rio de Janeiro";"Especializada";"Rio de Janeiro";2020;4;"2020-04";1;0;0
29941251;"4ª PIP - Especializada Rio de Janeiro";"Rio de Janeiro";"Especializada";"Rio de Janeiro";2020;5;"2020-05";16;1;0
29941251;"4ª PIP - Especializada Rio de Janeiro";"Rio de Janeiro";"Especializada";"Rio de Janeiro";2020;6;"2020-06";16;2;0
29941251;"4ª PIP - Especializada Rio de Janeiro";"Rio de Janeiro";"Especializada";"Rio de Janeiro";2020;7;"2020-07";115;3;3
29941251;"4ª PIP - Especializada Rio de Janeiro";"Rio de Janeiro";"Especializada";"Rio de Janeiro";2020;8;"2020-08";81;0;0
29941251;"4ª PIP - Especializada Rio de Janeiro";"Rio de Janeiro";"Especializada";"Rio de Janeiro";2020;9;"2020-09";84;0;5
29941251;"4ª PIP - Especializada Rio de Janeiro";"Rio de Janeiro";"Especializada";"Rio de Janeiro";2020;10;"2020-10";111;0;2
29941251;"4ª PIP - Especializada Rio de Janeiro";"Rio de Janeiro";"Especializada";"Rio de Janeiro";2020;11;"2020-11";126;1;0
29941251;"4ª PIP - Especializada Rio de Janeiro";"Rio de Janeiro";"Especializada";"Rio de Janeiro";2020;12;"2020-12";39;1;0
29941251;"4ª PIP - Especializada Rio de Janeiro";"Rio de Janeiro";"Especializada";"Rio de Janeiro";2021;1;"2021-01";40;1;2
29941251;"4ª PIP - Especializada Rio de Janeiro";"Rio de Janeiro";"Especializada";"Rio de Janeiro";2021;2;"2021-02";83;0;1
29941322;"PIP - VD Nova Iguaçu";"Duque de Caxias/Nova Iguaçu";"Violência contra mulher";"Área Nova Iguaçu";2020;3;"2020-03";154;25;11
29941322;"PIP - VD Nova Iguaçu";"Duque de Caxias/Nova Iguaçu";"Violência contra mulher";"Área Nova Iguaçu";2020;4;"2020-04";12;1;0
29941322;"PIP - VD Nova Iguaçu";"Duque de Caxias/Nova Iguaçu";"Violência contra mulher";"Área Nova Iguaçu";2020;5;"2020-05";39;15;3
29941322;"PIP - VD Nova Iguaçu";"Duque de Caxias/Nova Iguaçu";"Violência contra mulher";"Área Nova Iguaçu";2020;6;"2020-06";78;16;4
29941322;"PIP - VD Nova Iguaçu";"Duque de Caxias/Nova Iguaçu";"Violência contra mulher";"Área Nova Iguaçu";2020;7;"2020-07";792;93;77
29941322;"PIP - VD Nova Iguaçu";"Duque de Caxias/Nova Iguaçu";"Violência contra mulher";"Área Nova Iguaçu";2020;8;"2020-08";691;117;57
29941322;"PIP - VD Nova Iguaçu";"Duque de Caxias/Nova Iguaçu";"Violência contra mulher";"Área Nova Iguaçu";2020;9;"2020-09";411;66;62
29941322;"PIP - VD Nova Iguaçu";"Duque de Caxias/Nova Iguaçu";"Violência contra mulher";"Área Nova Iguaçu";2020;10;"2020-10";335;77;58
29941322;"PIP - VD Nova Iguaçu";"Duque de Caxias/Nova Iguaçu";"Violência contra mulher";"Área Nova Iguaçu";2020;11;"2020-11";214;79;45
29941322;"PIP - VD Nova Iguaçu";"Duque de Caxias/Nova Iguaçu";"Violência contra mulher";"Área Nova Iguaçu";2020;12;"2020-12";193;34;20
29941322;"PIP - VD Nova Iguaçu";"Duque de Caxias/Nova Iguaçu";"Violência contra mulher";"Área Nova Iguaçu";2021;1;"2021-01";432;5;0
29941322;"PIP - VD Nova Iguaçu";"Duque de Caxias/Nova Iguaçu";"Violência contra mulher";"Área Nova Iguaçu";2021;2;"2021-02";301;5;0
29941368;"1ª PIP - Especializada Niterói/São Gonçalo";"Niterói/São Gonçalo";"Especializada";"Niterói/São Gonçalo";2020;3;"2020-03";41;0;2
29941368;"1ª PIP - Especializada Niterói/São Gonçalo";"Niterói/São Gonçalo";"Especializada";"Niterói/São Gonçalo";2020;4;"2020-04";16;0;0
29941368;"1ª PIP - Especializada Niterói/São Gonçalo";"Niterói/São Gonçalo";"Especializada";"Niterói/São Gonçalo";2020;5;"2020-05";6;0;0
29941368;"1ª PIP - Especializada Niterói/São Gonçalo";"Niterói/São Gonçalo";"Especializada";"Niterói/São Gonçalo";2020;6;"2020-06";11;0;2
29941368;"1ª PIP - Especializada Niterói/São Gonçalo";"Niterói/São Gonçalo";"Especializada";"Niterói/São Gonçalo";2020;7;"2020-07";27;1;3
29941368;"1ª PIP - Especializada Niterói/São Gonçalo";"Niterói/São Gonçalo";"Especializada";"Niterói/São Gonçalo";2020;8;"2020-08";46;4;4
29941368;"1ª PIP - Especializada Niterói/São Gonçalo";"Niterói/São Gonçalo";"Especializada";"Niterói/São Gonçalo";2020;9;"2020-09";26;1;1
29941368;"1ª PIP - Especializada Niterói/São Gonçalo";"Niterói/São Gonçalo";"Especializada";"Niterói/São Gonçalo";2020;10;"2020-10";26;1;0
29941368;"1ª PIP - Especializada Niterói/São Gonçalo";"Niterói/São Gonçalo";"Especializada";"Niterói/São Gonçalo";2020;11;"2020-11";35;1;1
29941368;"1ª PIP - Especializada Niterói/São Gonçalo";"Niterói/São Gonçalo";"Especializada";"Niterói/São Gonçalo";2020;12;"2020-12";12;1;1
29941368;"1ª PIP - Especializada Niterói/São Gonçalo";"Niterói/São Gonçalo";"Especializada";"Niterói/São Gonçalo";2021;1;"2021-01";15;2;2
29941368;"1ª PIP - Especializada Niterói/São Gonçalo";"Niterói/São Gonçalo";"Especializada";"Niterói/São Gonçalo";2021;2;"2021-02";16;0;0
30034384;"1ª PIP - Niterói";"Niterói/São Gonçalo";"Territorial";"Niterói";2020;3;"2020-03";72;19;8
30034384;"1ª PIP - Niterói";"Niterói/São Gonçalo";"Territorial";"Niterói";2020;4;"2020-04";28;9;2
30034384;"1ª PIP - Niterói";"Niterói/São Gonçalo";"Territorial";"Niterói";2020;5;"2020-05";30;13;3
30034384;"1ª PIP - Niterói";"Niterói/São Gonçalo";"Territorial";"Niterói";2020;6;"2020-06";72;13;4
30034384;"1ª PIP - Niterói";"Niterói/São Gonçalo";"Territorial";"Niterói";2020;7;"2020-07";96;19;10
30034384;"1ª PIP - Niterói";"Niterói/São Gonçalo";"Territorial";"Niterói";2020;8;"2020-08";69;18;3
30034384;"1ª PIP - Niterói";"Niterói/São Gonçalo";"Territorial";"Niterói";2020;9;"2020-09";95;12;3
30034384;"1ª PIP - Niterói";"Niterói/São Gonçalo";"Territorial";"Niterói";2020;10;"2020-10";75;10;0
30034384;"1ª PIP - Niterói";"Niterói/São Gonçalo";"Territorial";"Niterói";2020;11;"2020-11";56;2;6
30034384;"1ª PIP - Niterói";"Niterói/São Gonçalo";"Territorial";"Niterói";2020;12;"2020-12";89;4;0
30034384;"1ª PIP - Niterói";"Niterói/São Gonçalo";"Territorial";"Niterói";2021;1;"2021-01";122;9;6
30034384;"1ª PIP - Niterói";"Niterói/São Gonçalo";"Territorial";"Niterói";2021;2;"2021-02";113;1;0
30034664;"1ª PIP - VD Duque de Caxias";"Duque de Caxias/Nova Iguaçu";"Violência contra mulher";"Área Duque de Caxias";2020;3;"2020-03";9;2;1
30034664;"1ª PIP - VD Duque de Caxias";"Duque de Caxias/Nova Iguaçu";"Violência contra mulher";"Área Duque de Caxias";2020;4;"2020-04";26;16;2
30034664;"1ª PIP - VD Duque de Caxias";"Duque de Caxias/Nova Iguaçu";"Violência contra mulher";"Área Duque de Caxias";2020;5;"2020-05";147;91;14
30034664;"1ª PIP - VD Duque de Caxias";"Duque de Caxias/Nova Iguaçu";"Violência contra mulher";"Área Duque de Caxias";2020;6;"2020-06";190;84;27
30034664;"1ª PIP - VD Duque de Caxias";"Duque de Caxias/Nova Iguaçu";"Violência contra mulher";"Área Duque de Caxias";2020;7;"2020-07";478;171;106
30034664;"1ª PIP - VD Duque de Caxias";"Duque de Caxias/Nova Iguaçu";"Violência contra mulher";"Área Duque de Caxias";2020;8;"2020-08";518;87;64
30034664;"1ª PIP - VD Duque de Caxias";"Duque de Caxias/Nova Iguaçu";"Violência contra mulher";"Área Duque de Caxias";2020;9;"2020-09";251;77;62
30034664;"1ª PIP - VD Duque de Caxias";"Duque de Caxias/Nova Iguaçu";"Violência contra mulher";"Área Duque de Caxias";2020;10;"2020-10";179;59;29
30034664;"1ª PIP - VD Duque de Caxias";"Duque de Caxias/Nova Iguaçu";"Violência contra mulher";"Área Duque de Caxias";2020;11;"2020-11";316;70;50
30034664;"1ª PIP - VD Duque de Caxias";"Duque de Caxias/Nova Iguaçu";"Violência contra mulher";"Área Duque de Caxias";2020;12;"2020-12";175;60;11
30034664;"1ª PIP - VD Duque de Caxias";"Duque de Caxias/Nova Iguaçu";"Violência contra mulher";"Área Duque de Caxias";2021;1;"2021-01";296;15;7
30034664;"1ª PIP - VD Duque de Caxias";"Duque de Caxias/Nova Iguaçu";"Violência contra mulher";"Área Duque de Caxias";2021;2;"2021-02";238;7;0
30034671;"PIP - VD São Gonçalo";"Niterói/São Gonçalo";"Violência contra mulher";"Área São Gonçalo";2020;3;"2020-03";108;30;18
30034671;"PIP - VD São Gonçalo";"Niterói/São Gonçalo";"Violência contra mulher";"Área São Gonçalo";2020;4;"2020-04";136;32;28
30034671;"PIP - VD São Gonçalo";"Niterói/São Gonçalo";"Violência contra mulher";"Área São Gonçalo";2020;5;"2020-05";161;34;39
30034671;"PIP - VD São Gonçalo";"Niterói/São Gonçalo";"Violência contra mulher";"Área São Gonçalo";2020;6;"2020-06";173;22;22
30034671;"PIP - VD São Gonçalo";"Niterói/São Gonçalo";"Violência contra mulher";"Área São Gonçalo";2020;7;"2020-07";274;49;45
30034671;"PIP - VD São Gonçalo";"Niterói/São Gonçalo";"Violência contra mulher";"Área São Gonçalo";2020;8;"2020-08";303;84;67
30034671;"PIP - VD São Gonçalo";"Niterói/São Gonçalo";"Violência contra mulher";"Área São Gonçalo";2020;9;"2020-09";36;13;5
30034671;"PIP - VD São Gonçalo";"Niterói/São Gonçalo";"Violência contra mulher";"Área São Gonçalo";2020;10;"2020-10";108;46;22
30034671;"PIP - VD São Gonçalo";"Niterói/São Gonçalo";"Violência contra mulher";"Área São Gonçalo";2020;11;"2020-11";90;49;12
30034671;"PIP - VD São Gonçalo";"Niterói/São Gonçalo";"Violência contra mulher";"Área São Gonçalo";2020;12;"2020-12";67;36;6
30034671;"PIP - VD São Gonçalo";"Niterói/São Gonçalo";"Violência contra mulher";"Área São Gonçalo";2021;1;"2021-01";143;25;12
30034671;"PIP - VD São Gonçalo";"Niterói/São Gonçalo";"Violência contra mulher";"Área São Gonçalo";2021;2;"2021-02";115;8;1
30061094;"2ª PIP - Niterói";"Niterói/São Gonçalo";"Territorial";"Niterói";2020;3;"2020-03";84;20;10
30061094;"2ª PIP - Niterói";"Niterói/São Gonçalo";"Territorial";"Niterói";2020;4;"2020-04";33;9;4
30061094;"2ª PIP - Niterói";"Niterói/São Gonçalo";"Territorial";"Niterói";2020;5;"2020-05";30;17;3
30061094;"2ª PIP - Niterói";"Niterói/São Gonçalo";"Territorial";"Niterói";2020;6;"2020-06";77;16;8
30061094;"2ª PIP - Niterói";"Niterói/São Gonçalo";"Territorial";"Niterói";2020;7;"2020-07";97;25;11
30061094;"2ª PIP - Niterói";"Niterói/São Gonçalo";"Territorial";"Niterói";2020;8;"2020-08";70;14;13
30061094;"2ª PIP - Niterói";"Niterói/São Gonçalo";"Territorial";"Niterói";2020;9;"2020-09";99;10;6
30061094;"2ª PIP - Niterói";"Niterói/São Gonçalo";"Territorial";"Niterói";2020;10;"2020-10";91;17;6
30061094;"2ª PIP - Niterói";"Niterói/São Gonçalo";"Territorial";"Niterói";2020;11;"2020-11";53;4;5
30061094;"2ª PIP - Niterói";"Niterói/São Gonçalo";"Territorial";"Niterói";2020;12;"2020-12";86;2;3
30061094;"2ª PIP - Niterói";"Niterói/São Gonçalo";"Territorial";"Niterói";2021;1;"2021-01";123;6;6
30061094;"2ª PIP - Niterói";"Niterói/São Gonçalo";"Territorial";"Niterói";2021;2;"2021-02";118;10;5
30061329;"PIP - VD Niterói";"Niterói/São Gonçalo";"Violência contra mulher";"Área Niterói";2020;3;"2020-03";175;54;25
30061329;"PIP - VD Niterói";"Niterói/São Gonçalo";"Violência contra mulher";"Área Niterói";2020;4;"2020-04";31;9;2
30061329;"PIP - VD Niterói";"Niterói/São Gonçalo";"Violência contra mulher";"Área Niterói";2020;5;"2020-05";10;2;1
30061329;"PIP - VD Niterói";"Niterói/São Gonçalo";"Violência contra mulher";"Área Niterói";2020;6;"2020-06";23;6;0
30061329;"PIP - VD Niterói";"Niterói/São Gonçalo";"Violência contra mulher";"Área Niterói";2020;7;"2020-07";94;35;28
30061329;"PIP - VD Niterói";"Niterói/São Gonçalo";"Violência contra mulher";"Área Niterói";2020;8;"2020-08";81;20;12
30061329;"PIP - VD Niterói";"Niterói/São Gonçalo";"Violência contra mulher";"Área Niterói";2020;9;"2020-09";126;25;17
30061329;"PIP - VD Niterói";"Niterói/São Gonçalo";"Violência contra mulher";"Área Niterói";2020;10;"2020-10";61;21;8
30061329;"PIP - VD Niterói";"Niterói/São Gonçalo";"Violência contra mulher";"Área Niterói";2020;11;"2020-11";88;28;10
30061329;"PIP - VD Niterói";"Niterói/São Gonçalo";"Violência contra mulher";"Área Niterói";2020;12;"2020-12";219;12;8
30061329;"PIP - VD Niterói";"Niterói/São Gonçalo";"Violência contra mulher";"Área Niterói";2021;1;"2021-01";148;1;2
30061329;"PIP - VD Niterói";"Niterói/São Gonçalo";"Violência contra mulher";"Área Niterói";2021;2;"2021-02";133;0;0
30061624;"1ª PIP - São Gonçalo";"Niterói/São Gonçalo";"Territorial";"São Gonçalo";2020;3;"2020-03";51;5;6
30061624;"1ª PIP - São Gonçalo";"Niterói/São Gonçalo";"Territorial";"São Gonçalo";2020;4;"2020-04";15;1;4
30061624;"1ª PIP - São Gonçalo";"Niterói/São Gonçalo";"Territorial";"São Gonçalo";2020;5;"2020-05";30;3;1
30061624;"1ª PIP - São Gonçalo";"Niterói/São Gonçalo";"Territorial";"São Gonçalo";2020;6;"2020-06";42;3;4
30061624;"1ª PIP - São Gonçalo";"Niterói/São Gonçalo";"Territorial";"São Gonçalo";2020;7;"2020-07";53;16;6
30061624;"1ª PIP - São Gonçalo";"Niterói/São Gonçalo";"Territorial";"São Gonçalo";2020;8;"2020-08";38;15;1
30061624;"1ª PIP - São Gonçalo";"Niterói/São Gonçalo";"Territorial";"São Gonçalo";2020;9;"2020-09";31;7;2
30061624;"1ª PIP - São Gonçalo";"Niterói/São Gonçalo";"Territorial";"São Gonçalo";2020;10;"2020-10";55;9;5
30061624;"1ª PIP - São Gonçalo";"Niterói/São Gonçalo";"Territorial";"São Gonçalo";2020;11;"2020-11";66;7;9
30061624;"1ª PIP - São Gonçalo";"Niterói/São Gonçalo";"Territorial";"São Gonçalo";2020;12;"2020-12";33;1;5
30061624;"1ª PIP - São Gonçalo";"Niterói/São Gonçalo";"Territorial";"São Gonçalo";2021;1;"2021-01";78;7;6
30061624;"1ª PIP - São Gonçalo";"Niterói/São Gonçalo";"Territorial";"São Gonçalo";2021;2;"2021-02";50;4;4
30061694;"2ª PIP - São Gonçalo";"Niterói/São Gonçalo";"Territorial";"São Gonçalo";2020;3;"2020-03";56;12;10
30061694;"2ª PIP - São Gonçalo";"Niterói/São Gonçalo";"Territorial";"São Gonçalo";2020;4;"2020-04";7;2;2
30061694;"2ª PIP - São Gonçalo";"Niterói/São Gonçalo";"Territorial";"São Gonçalo";2020;5;"2020-05";30;3;1
30061694;"2ª PIP - São Gonçalo";"Niterói/São Gonçalo";"Territorial";"São Gonçalo";2020;6;"2020-06";45;9;8
30061694;"2ª PIP - São Gonçalo";"Niterói/São Gonçalo";"Territorial";"São Gonçalo";2020;7;"2020-07";54;19;4
30061694;"2ª PIP - São Gonçalo";"Niterói/São Gonçalo";"Territorial";"São Gonçalo";2020;8;"2020-08";30;10;2
30061694;"2ª PIP - São Gonçalo";"Niterói/São Gonçalo";"Territorial";"São Gonçalo";2020;9;"2020-09";36;11;5
30061694;"2ª PIP - São Gonçalo";"Niterói/São Gonçalo";"Territorial";"São Gonçalo";2020;10;"2020-10";48;11;5
30061694;"2ª PIP - São Gonçalo";"Niterói/São Gonçalo";"Territorial";"São Gonçalo";2020;11;"2020-11";53;5;7
30061694;"2ª PIP - São Gonçalo";"Niterói/São Gonçalo";"Territorial";"São Gonçalo";2020;12;"2020-12";36;4;1
30061694;"2ª PIP - São Gonçalo";"Niterói/São Gonçalo";"Territorial";"São Gonçalo";2021;1;"2021-01";77;2;5
30061694;"2ª PIP - São Gonçalo";"Niterói/São Gonçalo";"Territorial";"São Gonçalo";2021;2;"2021-02";38;0;3
30061723;"3ª PIP - São Gonçalo";"Niterói/São Gonçalo";"Territorial";"São Gonçalo";2020;3;"2020-03";60;2;11
30061723;"3ª PIP - São Gonçalo";"Niterói/São Gonçalo";"Territorial";"São Gonçalo";2020;4;"2020-04";5;0;2
30061723;"3ª PIP - São Gonçalo";"Niterói/São Gonçalo";"Territorial";"São Gonçalo";2020;5;"2020-05";33;4;2
30061723;"3ª PIP - São Gonçalo";"Niterói/São Gonçalo";"Territorial";"São Gonçalo";2020;6;"2020-06";41;5;3
30061723;"3ª PIP - São Gonçalo";"Niterói/São Gonçalo";"Territorial";"São Gonçalo";2020;7;"2020-07";51;8;3
30061723;"3ª PIP - São Gonçalo";"Niterói/São Gonçalo";"Territorial";"São Gonçalo";2020;8;"2020-08";49;7;6
30061723;"3ª PIP - São Gonçalo";"Niterói/São Gonçalo";"Territorial";"São Gonçalo";2020;9;"2020-09";34;6;5
30061723;"3ª PIP - São Gonçalo";"Niterói/São Gonçalo";"Territorial";"São Gonçalo";2020;10;"2020-10";55;3;11
30061723;"3ª PIP - São Gonçalo";"Niterói/São Gonçalo";"Territorial";"São Gonçalo";2020;11;"2020-11";64;5;6
30061723;"3ª PIP - São Gonçalo";"Niterói/São Gonçalo";"Territorial";"São Gonçalo";2020;12;"2020-12";45;2;1
30061723;"3ª PIP - São Gonçalo";"Niterói/São Gonçalo";"Territorial";"São Gonçalo";2021;1;"2021-01";81;4;2
30061723;"3ª PIP - São Gonçalo";"Niterói/São Gonçalo";"Territorial";"São Gonçalo";2021;2;"2021-02";45;2;3
30061803;"2ª PIP - Especializada Niterói/São Gonçalo";"Niterói/São Gonçalo";"Especializada";"Niterói/São Gonçalo";2020;3;"2020-03";32;3;2
30061803;"2ª PIP - Especializada Niterói/São Gonçalo";"Niterói/São Gonçalo";"Especializada";"Niterói/São Gonçalo";2020;4;"2020-04";14;2;1
30061803;"2ª PIP - Especializada Niterói/São Gonçalo";"Niterói/São Gonçalo";"Especializada";"Niterói/São Gonçalo";2020;5;"2020-05";13;1;3
30061803;"2ª PIP - Especializada Niterói/São Gonçalo";"Niterói/São Gonçalo";"Especializada";"Niterói/São Gonçalo";2020;6;"2020-06";18;1;2
30061803;"2ª PIP - Especializada Niterói/São Gonçalo";"Niterói/São Gonçalo";"Especializada";"Niterói/São Gonçalo";2020;7;"2020-07";24;5;5
30061803;"2ª PIP - Especializada Niterói/São Gonçalo";"Niterói/São Gonçalo";"Especializada";"Niterói/São Gonçalo";2020;8;"2020-08";50;3;3
30061803;"2ª PIP - Especializada Niterói/São Gonçalo";"Niterói/São Gonçalo";"Especializada";"Niterói/São Gonçalo";2020;9;"2020-09";24;0;3
30061803;"2ª PIP - Especializada Niterói/São Gonçalo";"Niterói/São Gonçalo";"Especializada";"Niterói/São Gonçalo";2020;10;"2020-10";30;3;0
30061803;"2ª PIP - Especializada Niterói/São Gonçalo";"Niterói/São Gonçalo";"Especializada";"Niterói/São Gonçalo";2020;11;"2020-11";31;0;0
30061803;"2ª PIP - Especializada Niterói/São Gonçalo";"Niterói/São Gonçalo";"Especializada";"Niterói/São Gonçalo";2020;12;"2020-12";19;1;0
30061803;"2ª PIP - Especializada Niterói/São Gonçalo";"Niterói/São Gonçalo";"Especializada";"Niterói/São Gonçalo";2021;1;"2021-01";5;1;0
30061803;"2ª PIP - Especializada Niterói/São Gonçalo";"Niterói/São Gonçalo";"Especializada";"Niterói/São Gonçalo";2021;2;"2021-02";14;0;0
30069167;"1ª PIP - Duque de Caxias";"Duque de Caxias/Nova Iguaçu";"Territorial";"Duque de Caxias";2020;3;"2020-03";57;5;19
30069167;"1ª PIP - Duque de Caxias";"Duque de Caxias/Nova Iguaçu";"Territorial";"Duque de Caxias";2020;4;"2020-04";1;0;0
30069167;"1ª PIP - Duque de Caxias";"Duque de Caxias/Nova Iguaçu";"Territorial";"Duque de Caxias";2020;5;"2020-05";42;10;9
30069167;"1ª PIP - Duque de Caxias";"Duque de Caxias/Nova Iguaçu";"Territorial";"Duque de Caxias";2020;6;"2020-06";42;4;12
30069167;"1ª PIP - Duque de Caxias";"Duque de Caxias/Nova Iguaçu";"Territorial";"Duque de Caxias";2020;7;"2020-07";51;11;11
30069167;"1ª PIP - Duque de Caxias";"Duque de Caxias/Nova Iguaçu";"Territorial";"Duque de Caxias";2020;8;"2020-08";135;38;30
30069167;"1ª PIP - Duque de Caxias";"Duque de Caxias/Nova Iguaçu";"Territorial";"Duque de Caxias";2020;9;"2020-09";95;17;24
30069167;"1ª PIP - Duque de Caxias";"Duque de Caxias/Nova Iguaçu";"Territorial";"Duque de Caxias";2020;10;"2020-10";75;14;14
30069167;"1ª PIP - Duque de Caxias";"Duque de Caxias/Nova Iguaçu";"Territorial";"Duque de Caxias";2020;11;"2020-11";94;6;9
30069167;"1ª PIP - Duque de Caxias";"Duque de Caxias/Nova Iguaçu";"Territorial";"Duque de Caxias";2020;12;"2020-12";68;16;11
30069167;"1ª PIP - Duque de Caxias";"Duque de Caxias/Nova Iguaçu";"Territorial";"Duque de Caxias";2021;1;"2021-01";92;11;8
30069167;"1ª PIP - Duque de Caxias";"Duque de Caxias/Nova Iguaçu";"Territorial";"Duque de Caxias";2021;2;"2021-02";47;8;1
30069433;"2ª PIP - Duque de Caxias";"Duque de Caxias/Nova Iguaçu";"Territorial";"Duque de Caxias";2020;3;"2020-03";57;0;4
30069433;"2ª PIP - Duque de Caxias";"Duque de Caxias/Nova Iguaçu";"Territorial";"Duque de Caxias";2020;4;"2020-04";2;0;0
30069433;"2ª PIP - Duque de Caxias";"Duque de Caxias/Nova Iguaçu";"Territorial";"Duque de Caxias";2020;5;"2020-05";43;11;3
30069433;"2ª PIP - Duque de Caxias";"Duque de Caxias/Nova Iguaçu";"Territorial";"Duque de Caxias";2020;6;"2020-06";39;4;3
30069433;"2ª PIP - Duque de Caxias";"Duque de Caxias/Nova Iguaçu";"Territorial";"Duque de Caxias";2020;7;"2020-07";53;20;6
30069433;"2ª PIP - Duque de Caxias";"Duque de Caxias/Nova Iguaçu";"Territorial";"Duque de Caxias";2020;8;"2020-08";145;38;17
30069433;"2ª PIP - Duque de Caxias";"Duque de Caxias/Nova Iguaçu";"Territorial";"Duque de Caxias";2020;9;"2020-09";106;23;18
30069433;"2ª PIP - Duque de Caxias";"Duque de Caxias/Nova Iguaçu";"Territorial";"Duque de Caxias";2020;10;"2020-10";72;14;3
30069433;"2ª PIP - Duque de Caxias";"Duque de Caxias/Nova Iguaçu";"Territorial";"Duque de Caxias";2020;11;"2020-11";98;15;7
30069433;"2ª PIP - Duque de Caxias";"Duque de Caxias/Nova Iguaçu";"Territorial";"Duque de Caxias";2020;12;"2020-12";66;14;5
30069433;"2ª PIP - Duque de Caxias";"Duque de Caxias/Nova Iguaçu";"Territorial";"Duque de Caxias";2021;1;"2021-01";90;8;9
30069433;"2ª PIP - Duque de Caxias";"Duque de Caxias/Nova Iguaçu";"Territorial";"Duque de Caxias";2021;2;"2021-02";42;5;1
30069453;"3ª PIP - Duque de Caxias";"Duque de Caxias/Nova Iguaçu";"Territorial";"Duque de Caxias";2020;3;"2020-03";58;0;5
30069453;"3ª PIP - Duque de Caxias";"Duque de Caxias/Nova Iguaçu";"Territorial";"Duque de Caxias";2020;5;"2020-05";30;8;4
30069453;"3ª PIP - Duque de Caxias";"Duque de Caxias/Nova Iguaçu";"Territorial";"Duque de Caxias";2020;6;"2020-06";42;6;5
30069453;"3ª PIP - Duque de Caxias";"Duque de Caxias/Nova Iguaçu";"Territorial";"Duque de Caxias";2020;7;"2020-07";50;21;1
30069453;"3ª PIP - Duque de Caxias";"Duque de Caxias/Nova Iguaçu";"Territorial";"Duque de Caxias";2020;8;"2020-08";158;26;13
30069453;"3ª PIP - Duque de Caxias";"Duque de Caxias/Nova Iguaçu";"Territorial";"Duque de Caxias";2020;9;"2020-09";95;7;7
30069453;"3ª PIP - Duque de Caxias";"Duque de Caxias/Nova Iguaçu";"Territorial";"Duque de Caxias";2020;10;"2020-10";69;7;6
30069453;"3ª PIP - Duque de Caxias";"Duque de Caxias/Nova Iguaçu";"Territorial";"Duque de Caxias";2020;11;"2020-11";93;13;1
30069453;"3ª PIP - Duque de Caxias";"Duque de Caxias/Nova Iguaçu";"Territorial";"Duque de Caxias";2020;12;"2020-12";68;7;6
30069453;"3ª PIP - Duque de Caxias";"Duque de Caxias/Nova Iguaçu";"Territorial";"Duque de Caxias";2021;1;"2021-01";93;10;8
30069453;"3ª PIP - Duque de Caxias";"Duque de Caxias/Nova Iguaçu";"Territorial";"Duque de Caxias";2021;2;"2021-02";51;6;4
30069490;"4ª PIP - Duque de Caxias";"Duque de Caxias/Nova Iguaçu";"Territorial";"Duque de Caxias";2020;3;"2020-03";60;3;3
30069490;"4ª PIP - Duque de Caxias";"Duque de Caxias/Nova Iguaçu";"Territorial";"Duque de Caxias";2020;4;"2020-04";2;1;0
30069490;"4ª PIP - Duque de Caxias";"Duque de Caxias/Nova Iguaçu";"Territorial";"Duque de Caxias";2020;5;"2020-05";33;11;4
30069490;"4ª PIP - Duque de Caxias";"Duque de Caxias/Nova Iguaçu";"Territorial";"Duque de Caxias";2020;6;"2020-06";46;4;11
30069490;"4ª PIP - Duque de Caxias";"Duque de Caxias/Nova Iguaçu";"Territorial";"Duque de Caxias";2020;7;"2020-07";51;17;3
30069490;"4ª PIP - Duque de Caxias";"Duque de Caxias/Nova Iguaçu";"Territorial";"Duque de Caxias";2020;8;"2020-08";149;20;19
30069490;"4ª PIP - Duque de Caxias";"Duque de Caxias/Nova Iguaçu";"Territorial";"Duque de Caxias";2020;9;"2020-09";113;1;6
30069490;"4ª PIP - Duque de Caxias";"Duque de Caxias/Nova Iguaçu";"Territorial";"Duque de Caxias";2020;10;"2020-10";71;0;1
30069490;"4ª PIP - Duque de Caxias";"Duque de Caxias/Nova Iguaçu";"Territorial";"Duque de Caxias";2020;11;"2020-11";100;1;0
30069490;"4ª PIP - Duque de Caxias";"Duque de Caxias/Nova Iguaçu";"Territorial";"Duque de Caxias";2020;12;"2020-12";61;0;0
30069490;"4ª PIP - Duque de Caxias";"Duque de Caxias/Nova Iguaçu";"Territorial";"Duque de Caxias";2021;1;"2021-01";80;0;0
30069490;"4ª PIP - Duque de Caxias";"Duque de Caxias/Nova Iguaçu";"Territorial";"Duque de Caxias";2021;2;"2021-02";44;0;0
30069516;"5ª PIP - Duque de Caxias";"Duque de Caxias/Nova Iguaçu";"Territorial";"Duque de Caxias";2020;3;"2020-03";61;0;3
30069516;"5ª PIP - Duque de Caxias";"Duque de Caxias/Nova Iguaçu";"Territorial";"Duque de Caxias";2020;4;"2020-04";2;0;0
30069516;"5ª PIP - Duque de Caxias";"Duque de Caxias/Nova Iguaçu";"Territorial";"Duque de Caxias";2020;5;"2020-05";28;0;0
30069516;"5ª PIP - Duque de Caxias";"Duque de Caxias/Nova Iguaçu";"Territorial";"Duque de Caxias";2020;6;"2020-06";38;0;0
30069516;"5ª PIP - Duque de Caxias";"Duque de Caxias/Nova Iguaçu";"Territorial";"Duque de Caxias";2020;7;"2020-07";42;6;1
30069516;"5ª PIP - Duque de Caxias";"Duque de Caxias/Nova Iguaçu";"Territorial";"Duque de Caxias";2020;8;"2020-08";169;24;7
30069516;"5ª PIP - Duque de Caxias";"Duque de Caxias/Nova Iguaçu";"Territorial";"Duque de Caxias";2020;9;"2020-09";101;4;7
30069516;"5ª PIP - Duque de Caxias";"Duque de Caxias/Nova Iguaçu";"Territorial";"Duque de Caxias";2020;10;"2020-10";77;0;0
30069516;"5ª PIP - Duque de Caxias";"Duque de Caxias/Nova Iguaçu";"Territorial";"Duque de Caxias";2020;11;"2020-11";116;1;0
30069516;"5ª PIP - Duque de Caxias";"Duque de Caxias/Nova Iguaçu";"Territorial";"Duque de Caxias";2020;12;"2020-12";66;0;3
30069516;"5ª PIP - Duque de Caxias";"Duque de Caxias/Nova Iguaçu";"Territorial";"Duque de Caxias";2021;1;"2021-01";87;0;0
30069516;"5ª PIP - Duque de Caxias";"Duque de Caxias/Nova Iguaçu";"Territorial";"Duque de Caxias";2021;2;"2021-02";40;0;0
30069601;"2ª PIP - VD Duque de Caxias";"Duque de Caxias/Nova Iguaçu";"Violência contra mulher";"Área Duque de Caxias";2020;3;"2020-03";8;2;0
30069601;"2ª PIP - VD Duque de Caxias";"Duque de Caxias/Nova Iguaçu";"Violência contra mulher";"Área Duque de Caxias";2020;4;"2020-04";38;12;11
30069601;"2ª PIP - VD Duque de Caxias";"Duque de Caxias/Nova Iguaçu";"Violência contra mulher";"Área Duque de Caxias";2020;5;"2020-05";146;47;27
30069601;"2ª PIP - VD Duque de Caxias";"Duque de Caxias/Nova Iguaçu";"Violência contra mulher";"Área Duque de Caxias";2020;6;"2020-06";233;56;33
30069601;"2ª PIP - VD Duque de Caxias";"Duque de Caxias/Nova Iguaçu";"Violência contra mulher";"Área Duque de Caxias";2020;7;"2020-07";565;210;166
30069601;"2ª PIP - VD Duque de Caxias";"Duque de Caxias/Nova Iguaçu";"Violência contra mulher";"Área Duque de Caxias";2020;8;"2020-08";461;72;48
30069601;"2ª PIP - VD Duque de Caxias";"Duque de Caxias/Nova Iguaçu";"Violência contra mulher";"Área Duque de Caxias";2020;9;"2020-09";244;57;33
30069601;"2ª PIP - VD Duque de Caxias";"Duque de Caxias/Nova Iguaçu";"Violência contra mulher";"Área Duque de Caxias";2020;10;"2020-10";198;37;19
30069601;"2ª PIP - VD Duque de Caxias";"Duque de Caxias/Nova Iguaçu";"Violência contra mulher";"Área Duque de Caxias";2020;11;"2020-11";337;62;30
30069601;"2ª PIP - VD Duque de Caxias";"Duque de Caxias/Nova Iguaçu";"Violência contra mulher";"Área Duque de Caxias";2020;12;"2020-12";180;2;7
30069601;"2ª PIP - VD Duque de Caxias";"Duque de Caxias/Nova Iguaçu";"Violência contra mulher";"Área Duque de Caxias";2021;1;"2021-01";299;0;3
30069601;"2ª PIP - VD Duque de Caxias";"Duque de Caxias/Nova Iguaçu";"Violência contra mulher";"Área Duque de Caxias";2021;2;"2021-02";239;3;4
30069669;"1ª PIP - Nova Iguaçu";"Duque de Caxias/Nova Iguaçu";"Territorial";"Nova Iguaçu";2020;3;"2020-03";10;3;1
30069669;"1ª PIP - Nova Iguaçu";"Duque de Caxias/Nova Iguaçu";"Territorial";"Nova Iguaçu";2020;4;"2020-04";3;1;0
30069669;"1ª PIP - Nova Iguaçu";"Duque de Caxias/Nova Iguaçu";"Territorial";"Nova Iguaçu";2020;5;"2020-05";13;3;2
30069669;"1ª PIP - Nova Iguaçu";"Duque de Caxias/Nova Iguaçu";"Territorial";"Nova Iguaçu";2020;6;"2020-06";36;1;1
30069669;"1ª PIP - Nova Iguaçu";"Duque de Caxias/Nova Iguaçu";"Territorial";"Nova Iguaçu";2020;7;"2020-07";62;12;2
30069669;"1ª PIP - Nova Iguaçu";"Duque de Caxias/Nova Iguaçu";"Territorial";"Nova Iguaçu";2020;8;"2020-08";128;12;9
30069669;"1ª PIP - Nova Iguaçu";"Duque de Caxias/Nova Iguaçu";"Territorial";"Nova Iguaçu";2020;9;"2020-09";60;11;3
30069669;"1ª PIP - Nova Iguaçu";"Duque de Caxias/Nova Iguaçu";"Territorial";"Nova Iguaçu";2020;10;"2020-10";56;12;10
30069669;"1ª PIP - Nova Iguaçu";"Duque de Caxias/Nova Iguaçu";"Territorial";"Nova Iguaçu";2020;11;"2020-11";54;9;6
30069669;"1ª PIP - Nova Iguaçu";"Duque de Caxias/Nova Iguaçu";"Territorial";"Nova Iguaçu";2020;12;"2020-12";56;9;6
30069669;"1ª PIP - Nova Iguaçu";"Duque de Caxias/Nova Iguaçu";"Territorial";"Nova Iguaçu";2021;1;"2021-01";49;9;5
30069669;"1ª PIP - Nova Iguaçu";"Duque de Caxias/Nova Iguaçu";"Territorial";"Nova Iguaçu";2021;2;"2021-02";46;6;0
30069693;"2ª PIP - Nova Iguaçu";"Duque de Caxias/Nova Iguaçu";"Territorial";"Nova Iguaçu";2020;3;"2020-03";15;3;9
30069693;"2ª PIP - Nova Iguaçu";"Duque de Caxias/Nova Iguaçu";"Territorial";"Nova Iguaçu";2020;4;"2020-04";2;1;0
30069693;"2ª PIP - Nova Iguaçu";"Duque de Caxias/Nova Iguaçu";"Territorial";"Nova Iguaçu";2020;5;"2020-05";22;9;5
30069693;"2ª PIP - Nova Iguaçu";"Duque de Caxias/Nova Iguaçu";"Territorial";"Nova Iguaçu";2020;6;"2020-06";44;3;5
30069693;"2ª PIP - Nova Iguaçu";"Duque de Caxias/Nova Iguaçu";"Territorial";"Nova Iguaçu";2020;7;"2020-07";74;12;27
30069693;"2ª PIP - Nova Iguaçu";"Duque de Caxias/Nova Iguaçu";"Territorial";"Nova Iguaçu";2020;8;"2020-08";129;8;57
30069693;"2ª PIP - Nova Iguaçu";"Duque de Caxias/Nova Iguaçu";"Territorial";"Nova Iguaçu";2020;9;"2020-09";52;13;19
30069693;"2ª PIP - Nova Iguaçu";"Duque de Caxias/Nova Iguaçu";"Territorial";"Nova Iguaçu";2020;10;"2020-10";61;12;32
30069693;"2ª PIP - Nova Iguaçu";"Duque de Caxias/Nova Iguaçu";"Territorial";"Nova Iguaçu";2020;11;"2020-11";49;9;19
30069693;"2ª PIP - Nova Iguaçu";"Duque de Caxias/Nova Iguaçu";"Territorial";"Nova Iguaçu";2020;12;"2020-12";56;11;16
30069693;"2ª PIP - Nova Iguaçu";"Duque de Caxias/Nova Iguaçu";"Territorial";"Nova Iguaçu";2021;1;"2021-01";48;15;11
30069693;"2ª PIP - Nova Iguaçu";"Duque de Caxias/Nova Iguaçu";"Territorial";"Nova Iguaçu";2021;2;"2021-02";48;13;10
30069732;"3ª PIP - Nova Iguaçu";"Duque de Caxias/Nova Iguaçu";"Territorial";"Nova Iguaçu";2020;3;"2020-03";17;9;3
30069732;"3ª PIP - Nova Iguaçu";"Duque de Caxias/Nova Iguaçu";"Territorial";"Nova Iguaçu";2020;4;"2020-04";12;10;1
30069732;"3ª PIP - Nova Iguaçu";"Duque de Caxias/Nova Iguaçu";"Territorial";"Nova Iguaçu";2020;5;"2020-05";14;5;1
30069732;"3ª PIP - Nova Iguaçu";"Duque de Caxias/Nova Iguaçu";"Territorial";"Nova Iguaçu";2020;6;"2020-06";39;1;1
30069732;"3ª PIP - Nova Iguaçu";"Duque de Caxias/Nova Iguaçu";"Territorial";"Nova Iguaçu";2020;7;"2020-07";72;16;9
30069732;"3ª PIP - Nova Iguaçu";"Duque de Caxias/Nova Iguaçu";"Territorial";"Nova Iguaçu";2020;8;"2020-08";136;7;18
30069732;"3ª PIP - Nova Iguaçu";"Duque de Caxias/Nova Iguaçu";"Territorial";"Nova Iguaçu";2020;9;"2020-09";54;3;12
30069732;"3ª PIP - Nova Iguaçu";"Duque de Caxias/Nova Iguaçu";"Territorial";"Nova Iguaçu";2020;10;"2020-10";66;9;21
30069732;"3ª PIP - Nova Iguaçu";"Duque de Caxias/Nova Iguaçu";"Territorial";"Nova Iguaçu";2020;11;"2020-11";43;11;10
30069732;"3ª PIP - Nova Iguaçu";"Duque de Caxias/Nova Iguaçu";"Territorial";"Nova Iguaçu";2020;12;"2020-12";55;5;7
30069732;"3ª PIP - Nova Iguaçu";"Duque de Caxias/Nova Iguaçu";"Territorial";"Nova Iguaçu";2021;1;"2021-01";48;12;6
30069732;"3ª PIP - Nova Iguaçu";"Duque de Caxias/Nova Iguaçu";"Territorial";"Nova Iguaçu";2021;2;"2021-02";51;0;3
30070041;"4ª PIP - Nova Iguaçu";"Duque de Caxias/Nova Iguaçu";"Territorial";"Nova Iguaçu";2020;3;"2020-03";15;9;5
30070041;"4ª PIP - Nova Iguaçu";"Duque de Caxias/Nova Iguaçu";"Territorial";"Nova Iguaçu";2020;4;"2020-04";2;0;0
30070041;"4ª PIP - Nova Iguaçu";"Duque de Caxias/Nova Iguaçu";"Territorial";"Nova Iguaçu";2020;5;"2020-05";16;5;2
30070041;"4ª PIP - Nova Iguaçu";"Duque de Caxias/Nova Iguaçu";"Territorial";"Nova Iguaçu";2020;6;"2020-06";79;7;0
30070041;"4ª PIP - Nova Iguaçu";"Duque de Caxias/Nova Iguaçu";"Territorial";"Nova Iguaçu";2020;7;"2020-07";97;9;48
30070041;"4ª PIP - Nova Iguaçu";"Duque de Caxias/Nova Iguaçu";"Territorial";"Nova Iguaçu";2020;8;"2020-08";139;13;43
30070041;"4ª PIP - Nova Iguaçu";"Duque de Caxias/Nova Iguaçu";"Territorial";"Nova Iguaçu";2020;9;"2020-09";61;3;16
30070041;"4ª PIP - Nova Iguaçu";"Duque de Caxias/Nova Iguaçu";"Territorial";"Nova Iguaçu";2020;10;"2020-10";66;8;26
30070041;"4ª PIP - Nova Iguaçu";"Duque de Caxias/Nova Iguaçu";"Territorial";"Nova Iguaçu";2020;11;"2020-11";57;16;18
30070041;"4ª PIP - Nova Iguaçu";"Duque de Caxias/Nova Iguaçu";"Territorial";"Nova Iguaçu";2020;12;"2020-12";51;3;19
30070041;"4ª PIP - Nova Iguaçu";"Duque de Caxias/Nova Iguaçu";"Territorial";"Nova Iguaçu";2021;1;"2021-01";47;8;10
30070041;"4ª PIP - Nova Iguaçu";"Duque de Caxias/Nova Iguaçu";"Territorial";"Nova Iguaçu";2021;2;"2021-02";48;2;13
30070783;"1ª PIP - Especializada Duque de Caxias/Nova Iguaçu";"Duque de Caxias/Nova Iguaçu";"Especializada";"D. Caxias/N. Iguaçu";2020;3;"2020-03";4;1;0
30070783;"1ª PIP - Especializada Duque de Caxias/Nova Iguaçu";"Duque de Caxias/Nova Iguaçu";"Especializada";"D. Caxias/N. Iguaçu";2020;5;"2020-05";18;2;0
30070783;"1ª PIP - Especializada Duque de Caxias/Nova Iguaçu";"Duque de Caxias/Nova Iguaçu";"Especializada";"D. Caxias/N. Iguaçu";2020;6;"2020-06";97;7;6
30070783;"1ª PIP - Especializada Duque de Caxias/Nova Iguaçu";"Duque de Caxias/Nova Iguaçu";"Especializada";"D. Caxias/N. Iguaçu";2020;7;"2020-07";30;5;4
30070783;"1ª PIP - Especializada Duque de Caxias/Nova Iguaçu";"Duque de Caxias/Nova Iguaçu";"Especializada";"D. Caxias/N. Iguaçu";2020;8;"2020-08";193;5;2
30070783;"1ª PIP - Especializada Duque de Caxias/Nova Iguaçu";"Duque de Caxias/Nova Iguaçu";"Especializada";"D. Caxias/N. Iguaçu";2020;9;"2020-09";28;4;5
30070783;"1ª PIP - Especializada Duque de Caxias/Nova Iguaçu";"Duque de Caxias/Nova Iguaçu";"Especializada";"D. Caxias/N. Iguaçu";2020;10;"2020-10";21;2;1
30070783;"1ª PIP - Especializada Duque de Caxias/Nova Iguaçu";"Duque de Caxias/Nova Iguaçu";"Especializada";"D. Caxias/N. Iguaçu";2020;11;"2020-11";98;1;2
30070783;"1ª PIP - Especializada Duque de Caxias/Nova Iguaçu";"Duque de Caxias/Nova Iguaçu";"Especializada";"D. Caxias/N. Iguaçu";2020;12;"2020-12";26;4;1
30070783;"1ª PIP - Especializada Duque de Caxias/Nova Iguaçu";"Duque de Caxias/Nova Iguaçu";"Especializada";"D. Caxias/N. Iguaçu";2021;1;"2021-01";24;3;0
30070783;"1ª PIP - Especializada Duque de Caxias/Nova Iguaçu";"Duque de Caxias/Nova Iguaçu";"Especializada";"D. Caxias/N. Iguaçu";2021;2;"2021-02";31;0;0
30070806;"2ª PIP - Especializada Duque de Caxias/Nova Iguaçu";"Duque de Caxias/Nova Iguaçu";"Especializada";"D. Caxias/N. Iguaçu";2020;3;"2020-03";4;1;0
30070806;"2ª PIP - Especializada Duque de Caxias/Nova Iguaçu";"Duque de Caxias/Nova Iguaçu";"Especializada";"D. Caxias/N. Iguaçu";2020;5;"2020-05";20;2;2
30070806;"2ª PIP - Especializada Duque de Caxias/Nova Iguaçu";"Duque de Caxias/Nova Iguaçu";"Especializada";"D. Caxias/N. Iguaçu";2020;6;"2020-06";90;7;0
30070806;"2ª PIP - Especializada Duque de Caxias/Nova Iguaçu";"Duque de Caxias/Nova Iguaçu";"Especializada";"D. Caxias/N. Iguaçu";2020;7;"2020-07";45;11;4
30070806;"2ª PIP - Especializada Duque de Caxias/Nova Iguaçu";"Duque de Caxias/Nova Iguaçu";"Especializada";"D. Caxias/N. Iguaçu";2020;8;"2020-08";224;16;5
30070806;"2ª PIP - Especializada Duque de Caxias/Nova Iguaçu";"Duque de Caxias/Nova Iguaçu";"Especializada";"D. Caxias/N. Iguaçu";2020;9;"2020-09";21;4;4
30070806;"2ª PIP - Especializada Duque de Caxias/Nova Iguaçu";"Duque de Caxias/Nova Iguaçu";"Especializada";"D. Caxias/N. Iguaçu";2020;10;"2020-10";26;5;1
30070806;"2ª PIP - Especializada Duque de Caxias/Nova Iguaçu";"Duque de Caxias/Nova Iguaçu";"Especializada";"D. Caxias/N. Iguaçu";2020;11;"2020-11";93;8;5
30070806;"2ª PIP - Especializada Duque de Caxias/Nova Iguaçu";"Duque de Caxias/Nova Iguaçu";"Especializada";"D. Caxias/N. Iguaçu";2020;12;"2020-12";13;1;2
30070806;"2ª PIP - Especializada Duque de Caxias/Nova Iguaçu";"Duque de Caxias/Nova Iguaçu";"Especializada";"D. Caxias/N. Iguaçu";2021;1;"2021-01";25;3;2
30070806;"2ª PIP - Especializada Duque de Caxias/Nova Iguaçu";"Duque de Caxias/Nova Iguaçu";"Especializada";"D. Caxias/N. Iguaçu";2021;2;"2021-02";33;3;1
